1,"2021-05-23",88,17050193523690467,17050193523687490,0,66,"2021-05-23 15:05:33",846,412,3,20774,"de","","","[]","[]","[]","[]","coruscant-7.7.0","clickin-9.19.0",0,0,"[]","[]","[]","[]","[]","[]","[]","[]","[]","[]","[]","[3632784861846912849,12081841971236907364]","[]","NoData",0,"NoData","NoData","","https://seller.cdiscount.com/Messages/Discussion/ToTreat/-1/Date/DESC","[]","[]","[]","[]","[]","[]","[]","[]","[]","[]","[]","[]",1,"[]","[]",0,0,0,0,0,"","","[]","[]","[]","[]",-815702675,"[]","[]","[]","[]","[]","[]","[]","[]",2,"91d488a64502e246009b5f903c42c15fed3afd19"
1,"2021-05-23",88,18661600824816971,18661600824803329,0,1,"2021-05-23 12:59:23",1080,1920,2,29870,"en","Wilmington","US","[]","[]","[]","[]","coruscant-7.7.0","clickin-9.19.0",0,0,"[]","[]","[]","[]","[]","[]","[]","[]","[]","[]","[]","[]","[]","Firefox",49,"49.0","Unknown","","https://www.cdiscount.com/search/10/tapis+rouge.html","[1,2,3,5,6,7,9,10,12,13,14,15,17]","['search_keywords','pg_cat2','pg_cat3','pg_type','pg_name','usr_logged_fid','gender_age_postcode','segment_score','sf_type_prsnb_amtati','trademark_sku','SVNoChange','hdnPageType','env_version']","['tapis rouge','Maison','Tapis','Recherche:Front','Recherche','Logged:0;FID:0','Gender:;Age:;Postcode:','Segment:;Score:','Sf_type:;Sf_prs_nb:;Sf_amt_ati:','Trademark:;SKU:','1399.1|1398.1|1397.1|1395.1|1394.1|1393.1|1391.1|1376.1|1375.1|1372.1|1363.1|1361.1|1357.1|1339.1|1333.1|1329.1|1302.1|1271.1|1269.0|1259.1|1256.1|1255.1|1250.1|1242.0|1229.1|1221.1|1217.1|1211.1|1208.1|1182.1|1164.1|1142.1|1141.1|1118.0|1116.1|1099.1|108','Search','.1|2517.1|2518.1|3000.1|3001.1|3002.0|3003.1|3005.1|3010.0|3014.0|3015.0|4003.1|4500.1|4502.1|4503.1']","[2,3,5,6,7,9,10,12,13,14,15,17,1,2,3,5,6,7,9,10,12,13,14,15,17]","['pg_cat2','pg_cat3','pg_type','pg_name','usr_logged_fid','gender_age_postcode','segment_score','sf_type_prsnb_amtati','trademark_sku','SVNoChange','hdnPageType','env_version','search_keywords','pg_cat2','pg_cat3','pg_type','pg_name','usr_logged_fid','gender_age_postcode','segment_score','sf_type_prsnb_amtati','trademark_sku','SVNoChange','hdnPageType','env_version']","['Maison','Tapis','FicheProduit','F-TEM6259206940083:NEUFU Tapis Rouge Intissé Mat Salle Mariage Cinéma Film Eglise Célébrité Décor 1200X100cm','Logged:0;FID:0','Gender:;Age:;Postcode:','Segment:;Score:','Sf_type:;Sf_prs_nb:;Sf_amt_ati:','Trademark:NEUFU;SKU:TEM6259206940083','1399.1|1398.1|1397.1|1395.1|1394.1|1393.1|1391.1|1376.1|1375.1|1372.1|1363.1|1361.1|1357.1|1339.1|1333.1|1329.1|1302.1|1271.1|1269.0|1259.1|1256.1|1255.1|1250.1|1242.0|1229.1|1221.1|1217.1|1211.1|1208.1|1182.1|1164.1|1142.1|1141.1|1118.0|1116.1|1099.1|108','Product','.1|2517.1|2518.1|3000.1|3001.1|3002.0|3003.1|3005.1|3010.0|3014.0|3015.0|4003.1|4500.1|4502.1|4503.1','tapis rouge','Maison','Tapis','Recherche:Front','Recherche','Logged:0;FID:0','Gender:;Age:;Postcode:','Segment:;Score:','Sf_type:;Sf_prs_nb:;Sf_amt_ati:','Trademark:;SKU:','1399.1|1398.1|1397.1|1395.1|1394.1|1393.1|1391.1|1376.1|1375.1|1372.1|1363.1|1361.1|1357.1|1339.1|1333.1|1329.1|1302.1|1271.1|1269.0|1259.1|1256.1|1255.1|1250.1|1242.0|1229.1|1221.1|1217.1|1211.1|1208.1|1182.1|1164.1|1142.1|1141.1|1118.0|1116.1|1099.1|108','Search','.1|2517.1|2518.1|3000.1|3001.1|3002.0|3003.1|3005.1|3010.0|3014.0|3015.0|4003.1|4500.1|4502.1|4503.1']","[]","[]","[]","[]","[]","[]",0,"[]","[]",0,0,0,0,0,"","","[]","[]","[]","[]",-169622897,"[]","[]","[]","[]","[]","[]","[]","[]",1,""
1,"2021-05-23",88,147737683009314146,147737683009306636,0,12,"2021-05-23 12:14:17",768,1366,1,0,"zh","","","[]","[]","[]","[]","coruscant-7.7.0","clickin-9.19.0",0,0,"[]","[]","[]","[]","[]","[]","[]","[]","[]","[]","[]","[3632784861846912849,12081841971236907364]","[]","NoData",0,"NoData","NoData","","https://seller.cdiscount.com/login","[]","[]","[]","[]","[]","[]","[]","[]","[]","[]","[]","[]",1,"[]","[]",0,0,0,0,0,"","","[]","[]","[]","[]",1483104514,"[]","[]","[]","[]","[]","[]","[]","[]",2,"e6de45d39bcdd11a5b93d82d5ec6fdb320f46465"
1,"2021-05-23",88,158436263436182648,158436263436173313,0,1,"2021-05-23 13:54:44",1080,1920,1,50814,"fr","Wilmington","US","[]","[]","[]","[]","coruscant-7.7.0","clickin-9.19.0",0,0,"[]","[]","[]","[]","[]","[]","[]","[]","[]","[]","[]","[]","[]","Apple WebKit",0,"Unknown","Sony","Playstation","https://www.cdiscount.com/maison/meubles-mobilier/lits/l-1176015.html","[2,3,4,5,6,7,9,10,12,13,14,15,16,17]","['pg_cat2','pg_cat3','pg_cat4','pg_type','pg_name','usr_logged_fid','gender_age_postcode','segment_score','sf_type_prsnb_amtati','trademark_sku','SVNoChange','hdnPageType','abcookie','env_version']","['Maison','Meubles','Chambre Enfant','ListeProduit','L-263984:Lit enfant 90 x 190','Logged:1;FID:0','Gender:;Age:;Postcode:','Segment:24;Score:231','Sf_type:;Sf_prs_nb:;Sf_amt_ati:','Trademark:;SKU:','1399.1|1398.1|1397.1|1395.1|1394.1|1393.1|1391.1|1376.1|1375.1|1372.1|1363.1|1361.1|1357.1|1339.1|1333.1|1329.1|1302.1|1271.1|1269.0|1259.1|1256.1|1255.1|1250.1|1242.0|1229.1|1221.1|1217.1|1211.1|1208.1|1182.1|1164.1|1142.1|1141.1|1118.0|1116.1|1099.1|108','ProductList','uid=20010315190480349&fst=1578061144583&pst=1594211731255&cst=1597758274375&ns=9&pvt=49&pvis=1&th=433805.552134.3.0.7.0.1578306754964.1591439210350.1_442814.562176.2.0.7.0.1578307297428.1594211731754.1_498499.624625.3.1.7.1.1578307297499.1597758274855.1_5','.1|2517.1|2518.1|3000.1|3001.1|3002.0|3003.1|3005.1|3010.0|3014.0|3015.0|4003.0|4500.1|4502.1|4503.1']","[2,3,4,5,6,7,9,10,12,13,14,15,16,17]","['pg_cat2','pg_cat3','pg_cat4','pg_type','pg_name','usr_logged_fid','gender_age_postcode','segment_score','sf_type_prsnb_amtati','trademark_sku','SVNoChange','hdnPageType','abcookie','env_version']","['Maison','Meubles','Chambre Enfant','ListeProduit','L-263984:Lit enfant 90 x 190','Logged:1;FID:0','Gender:;Age:;Postcode:','Segment:24;Score:231','Sf_type:;Sf_prs_nb:;Sf_amt_ati:','Trademark:;SKU:','1399.1|1398.1|1397.1|1395.1|1394.1|1393.1|1391.1|1376.1|1375.1|1372.1|1363.1|1361.1|1357.1|1339.1|1333.1|1329.1|1302.1|1271.1|1269.0|1259.1|1256.1|1255.1|1250.1|1242.0|1229.1|1221.1|1217.1|1211.1|1208.1|1182.1|1164.1|1142.1|1141.1|1118.0|1116.1|1099.1|108','ProductList','uid=20010315190480349&fst=1578061144583&pst=1594211731255&cst=1597758274375&ns=9&pvt=49&pvis=1&th=433805.552134.3.0.7.0.1578306754964.1591439210350.1_442814.562176.2.0.7.0.1578307297428.1594211731754.1_498499.624625.3.1.7.1.1578307297499.1597758274855.1_5','.1|2517.1|2518.1|3000.1|3001.1|3002.0|3003.1|3005.1|3010.0|3014.0|3015.0|4003.0|4500.1|4502.1|4503.1']","[]","[]","[]","[]","[]","[]",0,"[]","[]",0,0,0,0,0,"","","[]","[]","[]","[]",-1908884338,"[]","[]","[]","[]","[]","[]","[]","[]",1,""
1,"2021-05-23",88,172543419869654228,172543419869642753,0,1,"2021-05-23 05:47:30",1080,1920,2,33733,"fr","Wilmington","US","[]","[]","[]","[]","coruscant-7.7.1-rc1","clickin-9.19.0",0,0,"[]","[]","[]","[]","[]","[]","[]","[]","[]","[]","[]","[]","[]","Apple WebKit",0,"Unknown","Sony","Playstation","https://www.google.com/search?safe=off&hl=fr&sxsrf=ALeKk03t-oY-U7zGC2qxGyCklqz0nICv2A%3A1597729541464&q=+colle+a+bois+prix&oq=+colle+a+bois+prix&aqs=heirloom-srp..","[1,2,3,4,5,6,7,9,10,12,13,14,15,16,17]","['search_keywords','pg_cat2','pg_cat3','pg_cat4','pg_type','pg_name','usr_logged_fid','gender_age_postcode','segment_score','sf_type_prsnb_amtati','trademark_sku','SVNoChange','hdnPageType','abcookie','env_version']","['contreplaque','Jardin','Clôture','Cloture grillage','Recherche:Front','Recherche','Logged:0;FID:0','Gender:;Age:;Postcode:','Segment:;Score:','Sf_type:;Sf_prs_nb:;Sf_amt_ati:','Trademark:;SKU:','1399.1|1398.1|1397.1|1395.1|1394.1|1393.1|1391.1|1376.1|1375.1|1372.1|1363.1|1361.1|1357.1|1339.1|1333.1|1329.1|1302.1|1271.1|1269.0|1259.1|1256.1|1255.1|1250.1|1242.0|1229.1|1221.1|1217.1|1211.1|1208.1|1182.0|1164.1|1142.1|1141.1|1118.0|1116.1|1099.1|108','Search','uid=20042208131853500&fst=1587535998158&pst=1596799711550&cst=1596871944559&ns=31&pvt=60&pvis=18&th=433805.552134.7.2.27.1.1587536009229.1596761094134.1_442814.562176.2.0.26.0.1587535998281.1587536003580.1_498499.624625.17.1.29.1.1587535998339.15968719451','.1|2517.1|2518.1|3000.1|3001.1|3002.0|3003.1|3005.1|3010.0|3014.0|3015.0|4003.1|4500.1|4502.1|4503.1']","[1,2,3,4,5,6,7,9,10,12,13,14,15,16,17,1,2,3,4,5,6,7,9,10,12,13,14,15,16,17]","['search_keywords','pg_cat2','pg_cat3','pg_cat4','pg_type','pg_name','usr_logged_fid','gender_age_postcode','segment_score','sf_type_prsnb_amtati','trademark_sku','SVNoChange','hdnPageType','abcookie','env_version','search_keywords','pg_cat2','pg_cat3','pg_cat4','pg_type','pg_name','usr_logged_fid','gender_age_postcode','segment_score','sf_type_prsnb_amtati','trademark_sku','SVNoChange','hdnPageType','abcookie','env_version']","['colle bois','Bricolage','Quincaillerie','Colle','Recherche:Category','Recherche','Logged:0;FID:0','Gender:;Age:;Postcode:','Segment:;Score:','Sf_type:;Sf_prs_nb:;Sf_amt_ati:','Trademark:;SKU:','1399.1|1398.1|1397.1|1395.1|1394.1|1393.1|1391.1|1376.1|1375.1|1372.1|1363.1|1361.1|1357.1|1339.1|1333.1|1329.1|1302.1|1271.1|1269.0|1259.1|1256.1|1255.1|1250.1|1242.0|1229.1|1221.1|1217.1|1211.1|1208.1|1182.0|1164.1|1142.1|1141.1|1118.0|1116.1|1099.1|108','CategoryNat','uid=20042208131853500&fst=1587535998158&pst=1596799711550&cst=1596871944559&ns=31&pvt=60&pvis=18&th=433805.552134.7.2.27.1.1587536009229.1596761094134.1_442814.562176.2.0.26.0.1587535998281.1587536003580.1_498499.624625.17.1.29.1.1587535998339.15968719451','.1|2517.1|2518.1|3000.1|3001.1|3002.0|3003.1|3005.1|3010.0|3014.0|3015.0|4003.1|4500.1|4502.1|4503.1','contreplaque','Jardin','Clôture','Cloture grillage','Recherche:Front','Recherche','Logged:0;FID:0','Gender:;Age:;Postcode:','Segment:;Score:','Sf_type:;Sf_prs_nb:;Sf_amt_ati:','Trademark:;SKU:','1399.1|1398.1|1397.1|1395.1|1394.1|1393.1|1391.1|1376.1|1375.1|1372.1|1363.1|1361.1|1357.1|1339.1|1333.1|1329.1|1302.1|1271.1|1269.0|1259.1|1256.1|1255.1|1250.1|1242.0|1229.1|1221.1|1217.1|1211.1|1208.1|1182.0|1164.1|1142.1|1141.1|1118.0|1116.1|1099.1|108','Search','uid=20042208131853500&fst=1587535998158&pst=1596799711550&cst=1596871944559&ns=31&pvt=60&pvis=18&th=433805.552134.7.2.27.1.1587536009229.1596761094134.1_442814.562176.2.0.26.0.1587535998281.1587536003580.1_498499.624625.17.1.29.1.1587535998339.15968719451','.1|2517.1|2518.1|3000.1|3001.1|3002.0|3003.1|3005.1|3010.0|3014.0|3015.0|4003.1|4500.1|4502.1|4503.1']","[]","[]","[]","[]","[]","[]",0,"[]","[]",0,0,0,0,0,"","","[]","[]","[]","[]",1661579309,"[]","[]","[]","[]","[]","[]","[]","[]",1,""
1,"2021-05-23",88,236011885086616202,236011885086605313,0,1,"2021-05-23 07:44:15",600,800,1,0,"en","Wilmington","US","[]","[]","[]","[]","coruscant-7.7.0","clickin-9.19.0",0,0,"[]","[]","[]","[]","[]","[]","[]","[]","[]","[]","[]","[]","[]","Robot/Spider",0,"Unknown","Unknown","","","[]","[]","[]","[]","[]","[]","[]","[]","[]","[]","[]","[]",0,"[]","[]",0,0,0,0,0,"","","[]","[]","[]","[]",-828110753,"[]","[]","[]","[]","[]","[]","[]","[]",1,""
1,"2021-05-23",88,277566228064964213,277566228064960653,0,141,"2021-05-23 08:09:11",1200,1920,5,780031,"fr","Wilmington","US","[]","[]","[]","[]","coruscant-7.7.0","clickin-9.19.0",0,0,"[]","[]","[]","[]","[]","[]","[]","[]","[]","[]","[]","[3632784861846912849,12081841971236907364]","[]","NoData",0,"NoData","NoData","","","[]","[]","[]","[]","[]","[]","[]","[]","[]","[]","[]","[]",1,"[]","[]",0,0,0,0,0,"","","[]","[]","[]","[]",-106286704,"[]","[]","[]","[]","[]","[]","[]","[]",2,"4cdbad5be6ef3d35f9c79ff8753c91c8c077b39a"
1,"2021-05-23",88,280814540711205797,280814540711198721,0,1,"2021-05-23 17:11:26",1080,1920,1,66,"fr","Wilmington","US","[]","[]","[]","[]","coruscant-7.7.0","clickin-9.19.0",0,0,"[]","[]","[]","[]","[]","[]","[]","[]","[]","[]","[]","[]","[]","Apple WebKit",0,"Unknown","Sony","Playstation","","[2,3,4,5,6,7,9,10,12,13,14,15,16,17]","['pg_cat2','pg_cat3','pg_cat4','pg_type','pg_name','usr_logged_fid','gender_age_postcode','segment_score','sf_type_prsnb_amtati','trademark_sku','SVNoChange','hdnPageType','abcookie','env_version']","['Jeux vidéo','Figurines - Guides de jeu','Figurines Amiibo','RetourAjout','R-BAN4983164161137:Naruto Shippuden Grandista Nero Uchiha Sasuke Figure 27.20cm','Logged:0;FID:0','Gender:;Age:;Postcode:','Segment:;Score:','Sf_type:;Sf_prs_nb:;Sf_amt_ati:','Trademark:BANPRESTO;SKU:BAN4983164161137','1399.1|1398.1|1397.1|1395.1|1394.1|1393.1|1391.1|1376.1|1375.1|1372.1|1363.1|1361.1|1357.1|1339.1|1333.1|1329.1|1302.1|1271.1|1269.0|1259.1|1256.1|1255.1|1250.1|1242.0|1229.1|1221.1|1217.1|1211.1|1208.1|1182.1|1164.1|1142.1|1141.1|1118.0|1116.1|1099.1|108','BackOnAddBasket','uid=20013115523978670&fst=1580485960186&pst=1580485960186&cst=1584952159061&ns=2&pvt=5&pvis=1&th=510080.638239.4.0.2.0.1580485964891.1580486222457.1','.1|2517.1|2518.1|3000.1|3001.1|3002.0|3003.1|3005.1|3010.0|3014.0|3015.0|4003.0|4500.1|4502.1|4503.1']","[2,3,4,5,6,7,9,10,12,13,14,15,16,17]","['pg_cat2','pg_cat3','pg_cat4','pg_type','pg_name','usr_logged_fid','gender_age_postcode','segment_score','sf_type_prsnb_amtati','trademark_sku','SVNoChange','hdnPageType','abcookie','env_version']","['Jeux vidéo','Figurines - Guides de jeu','Figurines Amiibo','RetourAjout','R-BAN4983164161137:Naruto Shippuden Grandista Nero Uchiha Sasuke Figure 27.20cm','Logged:0;FID:0','Gender:;Age:;Postcode:','Segment:;Score:','Sf_type:;Sf_prs_nb:;Sf_amt_ati:','Trademark:BANPRESTO;SKU:BAN4983164161137','1399.1|1398.1|1397.1|1395.1|1394.1|1393.1|1391.1|1376.1|1375.1|1372.1|1363.1|1361.1|1357.1|1339.1|1333.1|1329.1|1302.1|1271.1|1269.0|1259.1|1256.1|1255.1|1250.1|1242.0|1229.1|1221.1|1217.1|1211.1|1208.1|1182.1|1164.1|1142.1|1141.1|1118.0|1116.1|1099.1|108','BackOnAddBasket','uid=20013115523978670&fst=1580485960186&pst=1580485960186&cst=1584952159061&ns=2&pvt=5&pvis=1&th=510080.638239.4.0.2.0.1580485964891.1580486222457.1','.1|2517.1|2518.1|3000.1|3001.1|3002.0|3003.1|3005.1|3010.0|3014.0|3015.0|4003.0|4500.1|4502.1|4503.1']","[]","[]","[]","[]","[]","[]",0,"[]","[]",0,0,0,0,0,"","","[]","[]","[]","[]",2075230070,"[]","[]","[]","[]","[]","[]","[]","[]",1,""
1,"2021-05-23",88,318784695973998473,318784695973986353,0,49,"2021-05-23 12:25:14",768,1366,9,5834597,"en","Wilmington","US","[]","[]","[]","[]","coruscant-7.7.0","clickin-9.19.0",0,0,"[]","[]","[]","[]","[]","[]","[]","[]","[]","[]","[]","[3632784861846912849,12081841971236907364]","[]","NoData",0,"NoData","NoData","","https://seller.cdiscount.com/home.html","[]","[]","[]","[2,3,5,6,7,9,10,12,13,14,15,16,17]","['pg_cat2','pg_cat3','pg_type','pg_name','usr_logged_fid','gender_age_postcode','segment_score','sf_type_prsnb_amtati','trademark_sku','SVNoChange','hdnPageType','abcookie','env_version']","['Informatique','Tablette','FicheProduit','F-AUC8711456551382:Tablette Tactile 10"" -  SANNUO 4G/Wifi - 4Go RAM - 64Go Stockage - Android 9.0','Logged:0;FID:0','Gender:;Age:;Postcode:','Segment:;Score:','Sf_type:;Sf_prs_nb:;Sf_amt_ati:','Trademark:AUCUNE;SKU:AUC8711456551382','1399.1|1398.1|1397.1|1395.1|1394.1|1393.1|1391.1|1376.1|1375.1|1372.1|1363.1|1361.1|1357.1|1339.1|1333.1|1329.1|1302.1|1271.1|1269.0|1259.1|1256.1|1255.1|1250.1|1242.0|1229.1|1221.1|1217.1|1211.1|1208.1|1182.1|1164.1|1142.1|1141.1|1118.0|1116.1|1099.1|108','Product','uid=20081422250367264&fst=1597415103702&pst=1597744109445&cst=1597754606780&ns=16&pvt=60&pvis=2&th=425757.543053.14.1.16.1.1597415195244.1597754723830.1_433805.552134.6.1.12.1.1597480897351.1597754724292.1_564844.702176.14.1.16.1.1597415195260.15977547238','.1|2517.1|2518.1|3000.1|3001.1|3002.0|3003.1|3005.1|3010.0|3014.0|3015.0|4003.1|4500.1|4502.1|4503.1']","[]","[]","[]","[]","[]","[]",1,"[]","[]",0,0,0,0,0,"","","[]","[]","[]","[]",1708105090,"[]","[]","[]","[]","[]","[]","[]","[]",2,"b697be1460c1194a91b8b832c028f55b1f7027f7"
1,"2021-05-23",88,335515410218961383,335515410218958849,0,1,"2021-05-23 06:53:36",600,800,1,0,"en","Wilmington","US","[]","[]","[]","[]","coruscant-7.7.1-rc1","clickin-9.19.0",0,0,"[]","[]","[]","[]","[]","[]","[]","[]","[]","[]","[]","[]","[]","Robot/Spider",0,"Unknown","Unknown","","","[]","[]","[]","[]","[]","[]","[]","[]","[]","[]","[]","[]",0,"[]","[]",0,0,0,0,0,"","","[]","[]","[]","[]",-346198161,"[]","[]","[]","[]","[]","[]","[]","[]",1,""
1,"2021-05-23",88,451751435903228924,451751435903221762,0,2,"2021-05-23 20:52:49",896,414,1,32321,"fr","","","[]","[]","[]","[]","coruscant-7.7.0","clickin-9.19.0",0,0,"[]","[]","[]","[]","[]","[]","[]","[]","[]","[]","[]","[]","[]","NoData",0,"NoData","NoData","","https://www.google.com/","[]","[]","[]","[]","[]","[]","[]","[]","[]","[]","[]","[]",1,"[]","[]",0,0,0,0,0,"","","[]","[]","[]","[]",-2105137513,"[]","[]","[]","[]","[]","[]","[]","[]",2,"d83d0914a1c1e5d54c983332beca20624ebe7f82"
1,"2021-05-23",88,520168392268365065,520168392268349442,0,2,"2021-05-23 21:32:58",1080,1920,1,34856,"fr","Wilmington","US","[]","[]","[]","[]","coruscant-7.7.0","clickin-9.19.0",0,0,"[]","[]","[]","[]","[]","[]","[]","[]","[]","[]","[]","[]","[]","Apple WebKit",0,"Unknown","Sony","Playstation","","[1,2,5,6,7,9,10,12,13,14,15,16,17]","['search_keywords','pg_cat2','pg_type','pg_name','usr_logged_fid','gender_age_postcode','segment_score','sf_type_prsnb_amtati','trademark_sku','SVNoChange','hdnPageType','abcookie','env_version']","['plus iphone','Home page','Recherche:Front','Recherche','Logged:0;FID:0','Gender:;Age:;Postcode:','Segment:;Score:','Sf_type:;Sf_prs_nb:;Sf_amt_ati:','Trademark:;SKU:','1399.1|1398.1|1397.1|1395.1|1394.1|1393.1|1391.1|1376.1|1375.1|1372.1|1363.1|1361.1|1357.1|1339.1|1333.1|1329.1|1302.1|1271.1|1269.0|1259.1|1256.1|1255.1|1250.1|1242.0|1229.1|1221.1|1217.1|1211.1|1208.1|1182.0|1164.1|1142.1|1141.1|1118.0|1116.1|1099.1|108','Search','uid=20061411341205626&fst=1592127252952&pst=null&cst=1592127252952&ns=1&pvt=8&pvis=8&th=433805.552134.4.4.1.0.1592127371844.1592127470736.1_465681.588055.4.4.1.0.1592127371920.1592127470805.1_507929.635620.1.1.1.0.1592127455011.1592127455011.1_527125.6578','.1|2517.1|2518.1|3000.1|3001.1|3002.0|3003.1|3005.1|3010.0|3014.0|3015.0|4003.1|4500.1|4502.1|4503.1']","[1,2,5,6,7,9,10,12,13,14,15,16,17]","['search_keywords','pg_cat2','pg_type','pg_name','usr_logged_fid','gender_age_postcode','segment_score','sf_type_prsnb_amtati','trademark_sku','SVNoChange','hdnPageType','abcookie','env_version']","['plus iphone','Home page','Recherche:Front','Recherche','Logged:0;FID:0','Gender:;Age:;Postcode:','Segment:;Score:','Sf_type:;Sf_prs_nb:;Sf_amt_ati:','Trademark:;SKU:','1399.1|1398.1|1397.1|1395.1|1394.1|1393.1|1391.1|1376.1|1375.1|1372.1|1363.1|1361.1|1357.1|1339.1|1333.1|1329.1|1302.1|1271.1|1269.0|1259.1|1256.1|1255.1|1250.1|1242.0|1229.1|1221.1|1217.1|1211.1|1208.1|1182.0|1164.1|1142.1|1141.1|1118.0|1116.1|1099.1|108','Search','uid=20061411341205626&fst=1592127252952&pst=null&cst=1592127252952&ns=1&pvt=8&pvis=8&th=433805.552134.4.4.1.0.1592127371844.1592127470736.1_465681.588055.4.4.1.0.1592127371920.1592127470805.1_507929.635620.1.1.1.0.1592127455011.1592127455011.1_527125.6578','.1|2517.1|2518.1|3000.1|3001.1|3002.0|3003.1|3005.1|3010.0|3014.0|3015.0|4003.1|4500.1|4502.1|4503.1']","[]","[]","[]","[]","[]","[]",0,"[]","[]",0,0,0,0,0,"","","[]","[]","[]","[]",930189692,"[]","[]","[]","[]","[]","[]","[]","[]",1,""
1,"2021-05-23",88,533937867217558223,533937867217551395,0,35,"2021-05-23 07:44:10",780,360,3,688334,"fr","","","[]","[]","[]","[]","coruscant-7.7.0","clickin-9.19.0",0,0,"[]","[]","[]","[]","[]","[]","[]","[]","[]","[]","[]","[3632784861846912849,12081841971236907364]","[]","NoData",0,"NoData","NoData","","https://www.cdiscount.com/voyages/v-145-0.html","[]","[]","[]","[]","[]","[]","[]","[]","[]","[]","[]","[]",1,"[]","[]",0,0,0,0,0,"","","[]","[]","[]","[]",511930765,"[]","[]","[]","[]","[]","[]","[]","[]",2,"3f96dead6954ba75c14d90bf8d451e8eebbad8f7"
1,"2021-05-23",88,556188928381964762,556188928381960463,0,271,"2021-05-23 05:02:27",1080,1920,15,2424540,"zh","","","[]","[]","[]","[]","coruscant-7.7.1-rc1","clickin-9.19.0",0,0,"[]","[]","[]","[]","[]","[]","[]","[]","[]","[]","[]","[3632784861846912849,12081841971236907364]","[]","NoData",0,"NoData","NoData","","https://seller.cdiscount.com/finance/Dashboard","[]","[]","[]","[]","[]","[]","[]","[]","[]","[]","[]","[]",1,"[]","[]",0,0,0,0,0,"","","[]","[]","[]","[]",376107506,"[]","[]","[]","[]","[]","[]","[]","[]",2,"03073b61185d0a0f46a608067fc181a9e750133d"
1,"2021-05-23",88,561139712462453612,561139712462438425,0,25,"2021-05-23 19:22:15",846,412,1,844,"fr","","","[]","[]","[]","[]","coruscant-7.7.0","clickin-9.19.0",0,0,"[]","[]","[]","[]","[]","[]","[]","[]","[]","[]","[]","[]","[]","NoData",0,"NoData","NoData","","https://www.cdiscount.com/voyages/v-145-0.html","[]","[]","[]","[]","[]","[]","[]","[]","[]","[]","[]","[]",1,"[]","[]",0,0,0,0,0,"","","[]","[]","[]","[]",-289838648,"[]","[]","[]","[]","[]","[]","[]","[]",2,"529186ca343dedc6d8677e81f7b67a8a473d4c4f"
1,"2021-05-23",88,606905011427119550,606905011427115190,0,182,"2021-05-23 14:59:18",900,1600,1,12440,"zh","","","[]","[]","[]","[]","coruscant-7.7.0","clickin-9.19.0",0,0,"[]","[]","[]","[]","[]","[]","[]","[]","[]","[]","[]","[3632784861846912849,12081841971236907364]","[]","NoData",0,"NoData","NoData","","https://seller.cdiscount.com/login","[]","[]","[]","[]","[]","[]","[]","[]","[]","[]","[]","[]",1,"[]","[]",0,0,0,0,0,"","","[]","[]","[]","[]",513396012,"[]","[]","[]","[]","[]","[]","[]","[]",2,"4ad060c2e1fbeb71f3a2ba213324f3c53572312e"
1,"2021-05-23",88,638576957431979492,638576957431972050,0,210,"2021-05-23 02:04:15",1080,1920,4,732408,"zh","","","[]","[]","[]","[]","coruscant-7.7.1-rc1","clickin-9.19.0",0,0,"[]","[]","[]","[]","[]","[]","[]","[]","[]","[]","[]","[3632784861846912849,12081841971236907364]","[]","NoData",0,"NoData","NoData","","","[]","[]","[]","[]","[]","[]","[]","[]","[]","[]","[]","[]",1,"[]","[]",0,0,0,0,0,"","","[]","[]","[]","[]",567706182,"[]","[]","[]","[]","[]","[]","[]","[]",2,"67dafb75eb70ec7780e7e2b3c8b187fadb2131b7"
1,"2021-05-23",88,640108066842952979,640108066842951700,0,20,"2021-05-23 05:12:24",1080,2560,1,39,"zh","","","[]","[]","[]","[]","coruscant-7.7.1-rc1","clickin-9.19.0",0,0,"[]","[]","[]","[]","[]","[]","[]","[]","[]","[]","[]","[]","[]","NoData",0,"NoData","NoData","","https://seller.cdiscount.com/not-clemarche-sale.html","[]","[]","[]","[]","[]","[]","[]","[]","[]","[]","[]","[]",1,"[]","[]",0,0,0,0,0,"","","[]","[]","[]","[]",-2109740998,"[]","[]","[]","[]","[]","[]","[]","[]",2,"a4e39a5615220bfa4f1fbe0df7396653e43ef5c8"
1,"2021-05-23",88,655994887072988426,655994887072972820,0,20,"2021-05-23 09:38:55",667,375,5,93111,"fr","","","[]","[]","[]","[]","coruscant-7.7.0","clickin-9.19.0",0,0,"[]","[]","[]","[]","[]","[]","[]","[]","[]","[]","[]","[3632784861846912849]","[]","NoData",0,"NoData","NoData","","","[]","[]","[]","[]","[]","[]","[]","[]","[]","[]","[]","[]",1,"[]","[]",0,0,0,0,0,"","","[]","[]","[]","[]",1405694536,"[]","[]","[]","[]","[]","[]","[]","[]",2,"2882855e6a5bd98b66c2f8655eb7e169c50e049f"
1,"2021-05-23",88,760148506870971776,760148506870956033,0,1,"2021-05-23 19:03:11",600,800,1,0,"en","Wilmington","US","[]","[]","[]","[]","coruscant-7.7.0","clickin-9.19.0",0,0,"[]","[]","[]","[]","[]","[]","[]","[]","[]","[]","[]","[]","[]","Robot/Spider",0,"Unknown","Unknown","","","[]","[]","[]","[]","[]","[]","[]","[]","[]","[]","[]","[]",0,"[]","[]",0,0,0,0,0,"","","[]","[]","[]","[]",-1960232973,"[]","[]","[]","[]","[]","[]","[]","[]",1,""
1,"2021-05-23",88,867933332147133656,867933332147126278,0,6,"2021-05-23 23:05:16",412,869,1,129874,"fr","","","[]","[]","[]","[]","coruscant-7.7.0","clickin-9.19.0",0,0,"[]","[]","[]","[]","[]","[]","[]","[]","[]","[]","[]","[3632784861846912849,12081841971236907364]","[]","NoData",0,"NoData","NoData","","","[]","[]","[]","[]","[]","[]","[]","[]","[]","[]","[]","[]",1,"[]","[]",0,0,0,0,0,"","","[]","[]","[]","[]",-695446446,"[]","[]","[]","[]","[]","[]","[]","[]",2,"ac9bbef60e597509d11d6aa8091ac2613f87c2e7"
1,"2021-05-23",88,938482973562632021,938482973562617880,0,24,"2021-05-23 07:39:30",911,683,1,112790,"fr","","","[]","[]","[]","[]","coruscant-7.7.0","clickin-9.19.0",0,0,"[]","[]","[]","[]","[]","[]","[]","[]","[]","[]","[]","[]","[]","NoData",0,"NoData","NoData","","https://vol.cdiscount.com/airpaymentwebresponse/a4a4ba19-cd69-42d4-98fe-0a751f9ab863/3fca9edb-20e1-ea11-8115-1418773f42e5?webP=1&prqid=bff8e96c-a529-4a05-ab75-16a3f28f6df7&paymenttype=CAS&brqid=3fca9edb-20e1-ea11-8115-1418773f42e5&origin=ist_ist&destination=dkr_dss&godate=18%2f08%2f2020&returndate=&searchtype=oneway&cabinclass=y&adults=1&childs=0&infants=0&event=event283&hnb0&hnb1&hnb2&hnb3&hnb4&hnb5&hnb6&hnb7&hnb8&hnb9&hnb10&hnb11&hnb12&hnb13&hnb14&hnb15&hnb16&hnb17&hnb18&hnb19&hnb20&hnb21&hnb22&hnb23&hnb24","[]","[]","[]","[]","[]","[]","[]","[]","[]","[]","[]","[]",1,"[]","[]",0,0,0,0,0,"","","[]","[]","[]","[]",-2070066589,"[]","[]","[]","[]","[]","[]","[]","[]",2,"89b7987e0efd8147cc68a5c6db2621cf55bcd49a"
1,"2021-05-23",88,960555989238960656,960555989238956055,0,23,"2021-05-23 10:34:13",740,360,4,90280,"fr","","","[]","[]","[]","[]","coruscant-7.7.0","clickin-9.19.0",0,0,"[]","[]","[]","[]","[]","[]","[]","[]","[]","[]","[]","[]","[]","NoData",0,"NoData","NoData","","","[]","[]","[]","[]","[]","[]","[]","[]","[]","[]","[]","[]",1,"[]","[]",0,0,0,0,0,"","","[]","[]","[]","[]",-654734713,"[]","[]","[]","[]","[]","[]","[]","[]",2,"b94caf34942963459d2cb689a6aca2936958df1e"
1,"2021-05-23",88,1012899338068426949,1012899338068426838,0,86,"2021-05-23 15:12:04",1080,1920,3,71010,"fr","","","[]","[]","[]","[]","coruscant-7.7.0","clickin-9.19.0",0,0,"[]","[]","[]","[]","[]","[]","[]","[]","[]","[]","[]","[3632784861846912849,12081841971236907364]","[]","NoData",0,"NoData","NoData","","","[]","[]","[]","[]","[]","[]","[]","[]","[]","[]","[]","[]",1,"[]","[]",0,0,0,0,0,"","","[]","[]","[]","[]",57965614,"[]","[]","[]","[]","[]","[]","[]","[]",2,"4f9df6c917d5307cf05b09d49c0261f4cfdfe7fb"
1,"2021-05-23",88,1020240611828409101,1020240611828400652,0,524,"2021-05-23 08:34:32",768,1366,90,9905954,"fr","","","[]","[]","[]","[]","coruscant-7.7.0","clickin-9.19.0",0,0,"[]","[]","[]","[]","[]","[]","[]","[]","[]","[]","[]","[3632784861846912849,12081841971236907364]","[]","NoData",0,"NoData","NoData","","","[]","[]","[]","[]","[]","[]","[]","[]","[]","[]","[]","[]",1,"[]","[]",0,0,0,0,0,"","","[]","[]","[]","[]",1626095403,"[]","[]","[]","[]","[]","[]","[]","[]",2,"f50838a49ee09c8a42e6f3024fe9c96f6fc21f48"
1,"2021-05-23",88,1021509033362646590,1021509033362636802,0,2,"2021-05-23 10:38:49",771,360,5,323712,"fr","Wilmington","US","[]","[]","[]","[]","coruscant-7.7.0","clickin-9.19.0",0,0,"[]","[]","[]","[]","[]","[]","[]","[]","[]","[]","[]","[]","[]","NoData",0,"NoData","NoData","","android-app://com.google.android.gm","[]","[]","[]","[]","[]","[]","[]","[]","[]","[]","[]","[]",1,"[]","[]",0,0,0,0,0,"","","[]","[]","[]","[]",1865110310,"[]","[]","[]","[]","[]","[]","[]","[]",2,"a2fa6d9afea85c938887e097be49c5e19229d203"
1,"2021-05-23",88,1026841135222323239,1026841135222308865,0,1,"2021-05-23 13:51:47",1080,1920,1,27081,"fr","Wilmington","US","[]","[]","[]","[]","coruscant-7.7.0","clickin-9.19.0",0,0,"[]","[]","[]","[]","[]","[]","[]","[]","[]","[]","[]","[]","[]","Apple WebKit",0,"Unknown","Sony","Playstation","https://www.cdiscount.com/maison/meubles-mobilier/ulys-table-de-chevet-1-tiroir-et-niche-de-rangemen/f-117600208-ulosbl.html?_ga=2.133769742.1405480683.1597667947-1214550916.1578061145&_gac=1.113237366.1594545890.Cj0KCQjw6ar4BRDnARIsAITGzlAAn3hNZkokC8XTNDlKAZoPCcBGxz5KWiRwFwI3g-mvzxKQTxd76e8aAiLqEALw_wcB","[2,3,4,5,6,7,9,10,12,13,14,15,16,17]","['pg_cat2','pg_cat3','pg_cat4','pg_type','pg_name','usr_logged_fid','gender_age_postcode','segment_score','sf_type_prsnb_amtati','trademark_sku','SVNoChange','hdnPageType','abcookie','env_version']","['Maison','Meubles','Chambre Adulte','RetourAjout','R-ULOSBL:ULYS Table de chevet 1 tiroir et niche de rangement - Décor Blanc - L 40 x P 39,5 x H 50 cm','Logged:1;FID:0','Gender:;Age:;Postcode:','Segment:24;Score:231','Sf_type:;Sf_prs_nb:;Sf_amt_ati:','Trademark:AUCUNE;SKU:ULOSBL','1399.1|1398.1|1397.1|1395.1|1394.1|1393.1|1391.1|1376.1|1375.1|1372.1|1363.1|1361.1|1357.1|1339.1|1333.1|1329.1|1302.1|1271.1|1269.0|1259.1|1256.1|1255.1|1250.1|1242.0|1229.1|1221.1|1217.1|1211.1|1208.1|1182.1|1164.1|1142.1|1141.1|1118.0|1116.1|1099.1|108','BackOnAddBasket','uid=20010315190480349&fst=1578061144583&pst=1594211731255&cst=1597758274375&ns=9&pvt=49&pvis=1&th=433805.552134.3.0.7.0.1578306754964.1591439210350.1_442814.562176.2.0.7.0.1578307297428.1594211731754.1_498499.624625.3.1.7.1.1578307297499.1597758274855.1_5','.1|2517.1|2518.1|3000.1|3001.1|3002.0|3003.1|3005.1|3010.0|3014.0|3015.0|4003.0|4500.1|4502.1|4503.1']","[2,3,4,5,6,7,9,10,12,13,14,15,16,17]","['pg_cat2','pg_cat3','pg_cat4','pg_type','pg_name','usr_logged_fid','gender_age_postcode','segment_score','sf_type_prsnb_amtati','trademark_sku','SVNoChange','hdnPageType','abcookie','env_version']","['Maison','Meubles','Chambre Adulte','RetourAjout','R-ULOSBL:ULYS Table de chevet 1 tiroir et niche de rangement - Décor Blanc - L 40 x P 39,5 x H 50 cm','Logged:1;FID:0','Gender:;Age:;Postcode:','Segment:24;Score:231','Sf_type:;Sf_prs_nb:;Sf_amt_ati:','Trademark:AUCUNE;SKU:ULOSBL','1399.1|1398.1|1397.1|1395.1|1394.1|1393.1|1391.1|1376.1|1375.1|1372.1|1363.1|1361.1|1357.1|1339.1|1333.1|1329.1|1302.1|1271.1|1269.0|1259.1|1256.1|1255.1|1250.1|1242.0|1229.1|1221.1|1217.1|1211.1|1208.1|1182.1|1164.1|1142.1|1141.1|1118.0|1116.1|1099.1|108','BackOnAddBasket','uid=20010315190480349&fst=1578061144583&pst=1594211731255&cst=1597758274375&ns=9&pvt=49&pvis=1&th=433805.552134.3.0.7.0.1578306754964.1591439210350.1_442814.562176.2.0.7.0.1578307297428.1594211731754.1_498499.624625.3.1.7.1.1578307297499.1597758274855.1_5','.1|2517.1|2518.1|3000.1|3001.1|3002.0|3003.1|3005.1|3010.0|3014.0|3015.0|4003.0|4500.1|4502.1|4503.1']","[]","[]","[]","[]","[]","[]",0,"[]","[]",0,0,0,0,0,"","","[]","[]","[]","[]",-1027389633,"[]","[]","[]","[]","[]","[]","[]","[]",1,""
1,"2021-05-23",88,1079921242231515296,1079921242231504933,0,37,"2021-05-23 12:39:47",640,360,4,281255,"fr","","","[]","[]","[]","[]","coruscant-7.7.0","clickin-9.19.0",0,0,"[]","[]","[]","[]","[]","[]","[]","[]","[]","[]","[]","[3632784861846912849,12081841971236907364]","[]","NoData",0,"NoData","NoData","","https://www.google.com/","[]","[]","[]","[]","[]","[]","[]","[]","[]","[]","[]","[]",1,"[]","[]",0,0,0,0,0,"","","[]","[]","[]","[]",-924507538,"[]","[]","[]","[]","[]","[]","[]","[]",2,"54a339d8b3a976ec83a545f438eeb66fa33ed1f8"
1,"2021-05-23",88,1114839116052350123,1114839116052348929,0,1,"2021-05-23 10:56:51",667,375,1,24428,"fr","","","[]","[]","[]","[]","coruscant-7.7.0","clickin-9.19.0",0,0,"[]","[]","[]","[]","[]","[]","[]","[]","[]","[]","[]","[3632784861846912849,12081841971236907364]","[]","NoData",0,"NoData","NoData","","https://www.google.de/","[]","[]","[]","[]","[]","[]","[]","[]","[]","[]","[]","[]",1,"[]","[]",0,0,0,0,0,"","","[]","[]","[]","[]",-674403783,"[]","[]","[]","[]","[]","[]","[]","[]",2,"ad653444b200e08e3936b55e633d52785d163759"
1,"2021-05-23",88,1126614244865975873,1126614244865966089,0,9,"2021-05-23 19:32:22",896,414,1,4872,"fr","","","[]","[]","[]","[]","coruscant-7.7.0","clickin-9.19.0",0,0,"[]","[]","[]","[]","[]","[]","[]","[]","[]","[]","[]","[]","[]","NoData",0,"NoData","NoData","","","[]","[]","[]","[]","[]","[]","[]","[]","[]","[]","[]","[]",1,"[]","[]",0,0,0,0,0,"","","[]","[]","[]","[]",-1279527124,"[]","[]","[]","[]","[]","[]","[]","[]",2,"6bf7d3c75fa0d082c2b37d1edde78e9e62b9b96f"
1,"2021-05-23",88,1136090906247343991,1136090906247331841,0,1,"2021-05-23 12:55:00",600,800,1,0,"en","Wilmington","US","[]","[]","[]","[]","coruscant-7.7.0","clickin-9.19.0",0,0,"[]","[]","[]","[]","[]","[]","[]","[]","[]","[]","[]","[]","[]","Robot/Spider",0,"Unknown","Unknown","","","[]","[]","[]","[]","[]","[]","[]","[]","[]","[]","[]","[]",0,"[]","[]",0,0,0,0,0,"","","[]","[]","[]","[]",-1057875558,"[]","[]","[]","[]","[]","[]","[]","[]",1,""
1,"2021-05-23",88,1149986010250691789,1149986010250690561,0,1,"2021-05-23 16:04:38",1080,1920,2,96088,"en","Wilmington","US","[]","[]","[]","[]","coruscant-7.7.0","clickin-9.19.0",0,0,"[]","[]","[]","[]","[]","[]","[]","[]","[]","[]","[]","[3632784861846912849,12081841971236907364]","[]","Unknown",0,"Unknown","Unknown","","","[]","[]","[]","[]","[]","[]","[]","[]","[]","[]","[]","[]",0,"[]","[]",0,0,0,0,0,"","","[]","[]","[]","[]",523563997,"[]","[]","[]","[]","[]","[]","[]","[]",1,""
1,"2021-05-23",88,1209510735228438851,1209510735228436481,0,1,"2021-05-23 12:16:12",768,1366,1,430515,"fr","","","[]","[]","[]","[]","coruscant-7.7.0","clickin-9.19.0",0,0,"[]","[]","[]","[]","[]","[]","[]","[]","[]","[]","[]","[]","[]","NoData",0,"NoData","NoData","","","[]","[]","[]","[]","[]","[]","[]","[]","[]","[]","[]","[]",1,"[]","[]",0,0,0,0,0,"","","[]","[]","[]","[]",1071380898,"[]","[]","[]","[]","[]","[]","[]","[]",2,"5e7686682b9dfcc875acfa129a14d9d8517f432e"
1,"2021-05-23",88,1219316236197176741,1219316236197167111,0,7,"2021-05-23 06:56:39",915,412,3,44924,"fr","","","[]","[]","[]","[]","coruscant-7.7.1-rc1","clickin-9.19.0",0,0,"[]","[]","[]","[]","[]","[]","[]","[]","[]","[]","[]","[3632784861846912849,12081841971236907364]","[]","NoData",0,"NoData","NoData","","","[]","[]","[]","[]","[]","[]","[]","[]","[]","[]","[]","[]",1,"[]","[]",0,0,0,0,0,"","","[]","[]","[]","[]",-1504048726,"[]","[]","[]","[]","[]","[]","[]","[]",2,"fda1c937b08614fb6b5f00ee4c1df021f0220ec8"
1,"2021-05-23",88,1238851712645044427,1238851712645038082,0,2,"2021-05-23 19:29:41",760,360,1,17215,"fr","","","[]","[]","[]","[]","coruscant-7.7.0","clickin-9.19.0",0,0,"[]","[]","[]","[]","[]","[]","[]","[]","[]","[]","[]","[]","[]","NoData",0,"NoData","NoData","","https://www.google.com/","[]","[]","[]","[]","[]","[]","[]","[]","[]","[]","[]","[]",1,"[]","[]",0,0,0,0,0,"","","[]","[]","[]","[]",790257406,"[]","[]","[]","[]","[]","[]","[]","[]",2,"fa6e9383ddc7a5c8a991546ea6d2eb6ca7e163ca"
1,"2021-05-23",88,1247219364779221322,1247219364779215064,0,2264,"2021-05-23 14:52:44",768,1366,8,3913727,"fr","Wilmington","US","[]","[]","[]","[]","coruscant-7.7.0","clickin-9.19.0",0,0,"[]","[]","[]","[]","[]","[]","[]","[]","[]","[]","[]","[3632784861846912849,12081841971236907364]","[]","NoData",0,"NoData","NoData","","https://seller.cdiscount.com/login","[]","[]","[]","[]","[]","[]","[]","[]","[]","[]","[]","[]",1,"[]","[]",0,0,0,0,0,"","","[]","[]","[]","[]",759398284,"[]","[]","[]","[]","[]","[]","[]","[]",2,"8441c97337d1679b4d3b928ef0edbb60ab3b0019"
1,"2021-05-23",88,1303930091011377794,1303930091011375194,0,90,"2021-05-23 21:06:39",720,1280,2,225117,"fr","","","[]","[]","[]","[]","coruscant-7.7.0","clickin-9.19.0",0,0,"[]","[]","[]","[]","[]","[]","[]","[]","[]","[]","[]","[]","[]","NoData",0,"NoData","NoData","","","[]","[]","[]","[]","[]","[]","[]","[]","[]","[]","[]","[]",1,"[]","[]",0,0,0,0,0,"","","[]","[]","[]","[]",-664665095,"[]","[]","[]","[]","[]","[]","[]","[]",2,"87c6e110ffa27b2f2631af219e1e9c324c63c21f"
1,"2021-05-23",88,1326007355264655275,1326007355264647169,0,1,"2021-05-23 07:28:44",600,800,1,0,"en","Wilmington","US","[]","[]","[]","[]","coruscant-7.7.0","clickin-9.19.0",0,0,"[]","[]","[]","[]","[]","[]","[]","[]","[]","[]","[]","[]","[]","Robot/Spider",0,"Unknown","Unknown","","","[]","[]","[]","[]","[]","[]","[]","[]","[]","[]","[]","[]",0,"[]","[]",0,0,0,0,0,"","","[]","[]","[]","[]",-953763210,"[]","[]","[]","[]","[]","[]","[]","[]",1,""
1,"2021-05-23",88,1466921743905719996,1466921743905718273,0,1,"2021-05-23 17:25:44",600,800,1,0,"en","Wilmington","US","[]","[]","[]","[]","coruscant-7.7.0","clickin-9.19.0",0,0,"[]","[]","[]","[]","[]","[]","[]","[]","[]","[]","[]","[]","[]","Robot/Spider",0,"Unknown","Unknown","","","[]","[]","[]","[]","[]","[]","[]","[]","[]","[]","[]","[]",0,"[]","[]",0,0,0,0,0,"","","[]","[]","[]","[]",426064731,"[]","[]","[]","[]","[]","[]","[]","[]",1,""
1,"2021-05-23",88,1486180904165975792,1486180904165965825,0,1,"2021-05-23 09:13:39",1080,1920,1,23,"fr","Wilmington","US","[]","[]","[]","[]","coruscant-7.7.0","clickin-9.19.0",0,0,"[]","[]","[]","[]","[]","[]","[]","[]","[]","[]","[]","[]","[]","Apple WebKit",0,"Unknown","Sony","Playstation","https://clients.cdiscount.com/account/home.html","[5,6,7,9,10,12,13,14,15,16,17]","['pg_type','pg_name','usr_logged_fid','gender_age_postcode','segment_score','sf_type_prsnb_amtati','trademark_sku','SVNoChange','hdnPageType','abcookie','env_version']","['PageEspaceClient','Mon suivi de commande','Logged:1;FID:1','Gender:;Age:;Postcode:','Segment:24;Score:231','Sf_type:;Sf_prs_nb:;Sf_amt_ati:','Trademark:;SKU:','1399.1|1398.1|1397.1|1395.1|1394.1|1393.1|1391.1|1376.1|1375.1|1372.1|1363.1|1361.1|1357.1|1339.1|1333.1|1329.1|1302.1|1271.1|1269.0|1259.1|1256.1|1255.1|1250.1|1242.0|1229.1|1221.1|1217.1|1211.1|1208.1|1182.0|1164.1|1142.1|1141.1|1118.0|1116.1|1099.1|108','OrdersTracking','uid=20061112072654187&fst=1591870046448&pst=1597135491713&cst=1597427531786&ns=13&pvt=23&pvis=1&th=433805.552134.10.0.11.0.1592812505003.1597135492336.1_510967.639255.1.0.3.0.1593161615332.1593161615332.1_564844.702176.12.1.11.1.1592812505297.159742753232','.1|2517.1|2518.1|3000.1|3001.1|3002.0|3003.1|3005.1|3010.0|3014.0|3015.0|4003.0|4500.1|4502.1|4503.1']","[5,6,7,9,10,12,13,14,15,16,17]","['pg_type','pg_name','usr_logged_fid','gender_age_postcode','segment_score','sf_type_prsnb_amtati','trademark_sku','SVNoChange','hdnPageType','abcookie','env_version']","['PageEspaceClient','Mon suivi de commande','Logged:1;FID:1','Gender:;Age:;Postcode:','Segment:24;Score:231','Sf_type:;Sf_prs_nb:;Sf_amt_ati:','Trademark:;SKU:','1399.1|1398.1|1397.1|1395.1|1394.1|1393.1|1391.1|1376.1|1375.1|1372.1|1363.1|1361.1|1357.1|1339.1|1333.1|1329.1|1302.1|1271.1|1269.0|1259.1|1256.1|1255.1|1250.1|1242.0|1229.1|1221.1|1217.1|1211.1|1208.1|1182.0|1164.1|1142.1|1141.1|1118.0|1116.1|1099.1|108','OrdersTracking','uid=20061112072654187&fst=1591870046448&pst=1597135491713&cst=1597427531786&ns=13&pvt=23&pvis=1&th=433805.552134.10.0.11.0.1592812505003.1597135492336.1_510967.639255.1.0.3.0.1593161615332.1593161615332.1_564844.702176.12.1.11.1.1592812505297.159742753232','.1|2517.1|2518.1|3000.1|3001.1|3002.0|3003.1|3005.1|3010.0|3014.0|3015.0|4003.0|4500.1|4502.1|4503.1']","[]","[]","[]","[]","[]","[]",0,"[]","[]",0,0,0,0,0,"","","[]","[]","[]","[]",-835881136,"[]","[]","[]","[]","[]","[]","[]","[]",1,""
1,"2021-05-23",88,1495039504651065404,1495039504651059202,0,2,"2021-05-23 02:26:58",1080,1920,21,2270945,"zh","Wilmington","US","[]","[]","[]","[]","coruscant-7.7.1-rc1","clickin-9.19.0",0,0,"[]","[]","[]","[]","[]","[]","[]","[]","[]","[]","[]","[]","[]","NoData",0,"NoData","NoData","","https://seller.cdiscount.com/order/management","[]","[]","[]","[]","[]","[]","[]","[]","[]","[]","[]","[]",1,"[]","[]",0,0,0,0,0,"","","[]","[]","[]","[]",1047968200,"[]","[]","[]","[]","[]","[]","[]","[]",2,"953708b568891b9b211a1279cd8e22ca7a541751"
1,"2021-05-23",88,1526903025803671079,1526903025803657217,0,1,"2021-05-23 07:39:07",720,360,2,70432,"fr","","","[]","[]","[]","[]","coruscant-7.7.0","clickin-9.19.0",0,0,"[]","[]","[]","[]","[]","[]","[]","[]","[]","[]","[]","[]","[]","NoData",0,"NoData","NoData","","","[]","[]","[]","[]","[]","[]","[]","[]","[]","[]","[]","[]",1,"[]","[]",0,0,0,0,0,"","","[]","[]","[]","[]",2100868098,"[]","[]","[]","[]","[]","[]","[]","[]",2,"ce66d5c136556eb6a51148899a0d2ab1a74ea6be"
1,"2021-05-23",88,1628884169670426443,1628884169670410241,0,1,"2021-05-23 01:01:41",600,800,1,0,"en","","","[]","[]","[]","[]","coruscant-7.7.1-rc1","clickin-9.19.0",0,0,"[]","[]","[]","[]","[]","[]","[]","[]","[]","[]","[]","[]","[]","NoData",0,"NoData","NoData","","","[]","[]","[]","[]","[]","[]","[]","[]","[]","[]","[]","[]",1,"[]","[]",0,0,0,0,0,"","","[]","[]","[]","[]",-923635397,"[]","[]","[]","[]","[]","[]","[]","[]",2,"7e5c43554035958d92dd40745ad1d4412309269d"
1,"2021-05-23",88,1805125699973931167,1805125699973923001,0,185,"2021-05-23 18:06:28",768,1360,15,244043,"fr","Wilmington","US","[]","[]","[]","[]","coruscant-7.7.0","clickin-9.19.0",0,0,"[]","[]","[]","[]","[]","[]","[]","[]","[]","[]","[]","[3632784861846912849,12081841971236907364]","[]","NoData",0,"NoData","NoData","","https://www.google.fr/","[]","[]","[]","[]","[]","[]","[]","[]","[]","[]","[]","[]",1,"[]","[]",0,0,0,0,0,"","","[]","[]","[]","[]",452424166,"[]","[]","[]","[]","[]","[]","[]","[]",2,"64f8fd0a78898feb1f59e86bc560f5344b2ab938"
1,"2021-05-23",88,1817422200436178360,1817422200436162562,0,2,"2021-05-23 15:05:32",1080,1920,3,206270,"fr","","","[]","[]","[]","[]","coruscant-7.7.0","clickin-9.19.0",0,0,"[]","[]","[]","[]","[]","[]","[]","[]","[]","[]","[]","[]","[]","NoData",0,"NoData","NoData","","https://www.google.fr/","[]","[]","[]","[5,6,7,9,10,12,13,14,15,16,17]","['pg_type','pg_name','usr_logged_fid','gender_age_postcode','segment_score','sf_type_prsnb_amtati','trademark_sku','SVNoChange','hdnPageType','abcookie','env_version']","['Client','Identification CZ Login Light','Logged:0;FID:0','Gender:;Age:;Postcode:','Segment:;Score:','Sf_type:;Sf_prs_nb:;Sf_amt_ati:','Trademark:;SKU:','1399.1|1398.0|1397.0|1395.1|1394.1|1393.1|1391.1|1376.1|1375.1|1372.1|1363.1|1361.1|1357.1|1339.1|1333.1|1329.1|1302.1|1271.1|1269.0|1259.1|1256.1|1255.1|1250.1|1242.0|1229.1|1221.1|1217.1|1211.1|1208.1|1182.0|1164.1|1142.1|1141.1|1118.0|1116.1|1099.1|108','LoginLight','uid=20020711480202380&fst=1581072482449&pst=1581072482449&cst=1592307635595&ns=2&pvt=2&pvis=1&th=425757.543053.2.1.2.1.1581072482922.1592307635712.1_465681.588055.2.1.2.1.1581072482934.1592307635727.1_553872.689553.1.1.1.1.1592307635738.1592307635738.1_56','.1|2517.1|2518.1|3000.1|3001.1|3002.0|3003.0|3005.1|3010.0|3014.0|3015.0|4003.1|4500.0|4502.1|4503.1']","[]","[]","[]","[]","[]","[]",1,"[]","[]",0,0,0,0,0,"","","[]","[]","[]","[]",816107937,"[]","[]","[]","[]","[]","[]","[]","[]",2,"2dfb0d52fc9a02af1241ca2c749a333f6f41d061"
1,"2021-05-23",88,1837343542730128340,1837343542730113025,0,1,"2021-05-23 12:15:23",1080,1920,1,104408,"fr","Wilmington","US","[]","[]","[]","[]","coruscant-7.7.0","clickin-9.19.0",0,0,"[]","[]","[]","[]","[]","[]","[]","[]","[]","[]","[]","[]","[]","Apple WebKit",0,"Unknown","Sony","Playstation","https://www.cdiscount.com/search/10/table+a+manger.html?TechnicalForm.SiteMapNodeId=0&TechnicalForm.DepartmentId=10&TechnicalForm.ProductId=&hdnPageType=Search&TechnicalForm.ContentTypeId=16&TechnicalForm.SellerId=&TechnicalForm.PageType=SEARCH_AJAX&TechnicalForm.LazyLoading.ProductSheets=False&TechnicalForm.BrandLicenseId=0&NavigationForm.CurrentSelectedNavigationPath=categorycodepath%2F0F%7C0F06%7C0F060A&NavigationForm.FirstNavigationLinkCount=3&FacetForm.SelectedFacets.Index=0&FacetForm.SelectedFacets%5B0%5D=Choix+de+livraison%2Fexp%C3%A9di%C3%A9+par+cdiscount&FacetForm.SelectedFacets.Index=1&FacetForm.SelectedFacets.Index=2&FacetForm.SelectedFacets.Index=3&FacetForm.SelectedFacets.Index=4&FacetForm.SelectedFacets.Index=6&FacetForm.SelectedFacets.Index=7&FacetForm.SelectedFacets.Index=5&FacetForm.SelectedFacets.Index=8&FacetForm.SelectedFacets.Index=9&FacetForm.SelectedFacets.Index=10&FacetForm.SelectedFacets.Index=11&FacetForm.SelectedFacets.Index=12&FacetForm.SelectedFacets.Index=13&FacetForm.SelectedFacets.Index=14&FacetForm.SelectedFacets.Index=15&FacetForm.SelectedFacets.Index=16&SortForm.BrandLicenseSelectedCategoryPath=&SortForm.SelectedSort=PERTINENCE&ProductListTechnicalForm.Keyword=table%2Ba%2Bmanger&ProductListTechnicalForm.TemplateName=InLine&page=1&_his_","[2,3,4,5,6,7,9,10,12,13,14,15,16,17]","['pg_cat2','pg_cat3','pg_cat4','pg_type','pg_name','usr_logged_fid','gender_age_postcode','segment_score','sf_type_prsnb_amtati','trademark_sku','SVNoChange','hdnPageType','abcookie','env_version']","['Maison','Meubles','Séjour','FicheProduit','F-DAMIA140SET4:DAMIA Ensemble table à manger 4 à 6 personnes blanc et verre + 4 chaises simili - Style contemporain - L 140 x l 90 cm','Logged:0;FID:0','Gender:;Age:;Postcode:','Segment:24;Score:231','Sf_type:;Sf_prs_nb:;Sf_amt_ati:','Trademark:AUCUNE;SKU:DAMIA140SET4','1399.1|1398.1|1397.1|1395.1|1394.1|1393.1|1391.1|1376.1|1375.1|1372.1|1363.1|1361.1|1357.1|1339.1|1333.1|1329.1|1302.1|1271.1|1269.0|1259.1|1256.1|1255.1|1250.1|1242.0|1229.1|1221.1|1217.1|1211.1|1208.1|1182.1|1164.1|1142.1|1141.1|1118.0|1116.1|1099.1|108','Product','uid=20010315190480349&fst=1578061144583&pst=1591437547445&cst=1594211731255&ns=8&pvt=48&pvis=1&th=433805.552134.3.0.6.0.1578306754964.1591439210350.1_442814.562176.2.1.6.1.1578307297428.1594211731754.1_465681.588055.7.0.6.0.1578306406972.1591439210573.1_4','.1|2517.1|2518.1|3000.1|3001.1|3002.0|3003.1|3005.1|3010.0|3014.0|3015.0|4003.0|4500.1|4502.1|4503.1']","[2,3,4,5,6,7,9,10,12,13,14,15,16,17]","['pg_cat2','pg_cat3','pg_cat4','pg_type','pg_name','usr_logged_fid','gender_age_postcode','segment_score','sf_type_prsnb_amtati','trademark_sku','SVNoChange','hdnPageType','abcookie','env_version']","['Maison','Meubles','Séjour','FicheProduit','F-DAMIA140SET4:DAMIA Ensemble table à manger 4 à 6 personnes blanc et verre + 4 chaises simili - Style contemporain - L 140 x l 90 cm','Logged:0;FID:0','Gender:;Age:;Postcode:','Segment:24;Score:231','Sf_type:;Sf_prs_nb:;Sf_amt_ati:','Trademark:AUCUNE;SKU:DAMIA140SET4','1399.1|1398.1|1397.1|1395.1|1394.1|1393.1|1391.1|1376.1|1375.1|1372.1|1363.1|1361.1|1357.1|1339.1|1333.1|1329.1|1302.1|1271.1|1269.0|1259.1|1256.1|1255.1|1250.1|1242.0|1229.1|1221.1|1217.1|1211.1|1208.1|1182.1|1164.1|1142.1|1141.1|1118.0|1116.1|1099.1|108','Product','uid=20010315190480349&fst=1578061144583&pst=1591437547445&cst=1594211731255&ns=8&pvt=48&pvis=1&th=433805.552134.3.0.6.0.1578306754964.1591439210350.1_442814.562176.2.1.6.1.1578307297428.1594211731754.1_465681.588055.7.0.6.0.1578306406972.1591439210573.1_4','.1|2517.1|2518.1|3000.1|3001.1|3002.0|3003.1|3005.1|3010.0|3014.0|3015.0|4003.0|4500.1|4502.1|4503.1']","[]","[]","[]","[]","[]","[]",0,"[]","[]",0,0,0,0,0,"","","[]","[]","[]","[]",-992759868,"[]","[]","[]","[]","[]","[]","[]","[]",1,""
1,"2021-05-23",88,1868608792905083327,1868608792905072765,0,125,"2021-05-23 06:57:00",768,1364,1,0,"zh","","","[]","[]","[]","[]","coruscant-7.7.1-rc1","clickin-9.19.0",0,0,"[]","[]","[]","[]","[]","[]","[]","[]","[]","[]","[]","[]","[]","NoData",0,"NoData","NoData","","https://seller.cdiscount.com/Messages/Discussion/ToTreat/-1/Date/DESC","[]","[]","[]","[]","[]","[]","[]","[]","[]","[]","[]","[]",1,"[]","[]",0,0,0,0,0,"","","[]","[]","[]","[]",-1931888244,"[]","[]","[]","[]","[]","[]","[]","[]",2,"4ef805f2866bc42b2243fed7300cf1a69b9bfb22"
1,"2021-05-23",88,1885245502702420499,1885245502702420011,0,43,"2021-05-23 12:18:16",780,360,1,0,"fr","","","[]","[]","[]","[]","coruscant-7.7.0","clickin-9.19.0",0,0,"[]","[]","[]","[]","[]","[]","[]","[]","[]","[]","[]","[]","[]","NoData",0,"NoData","NoData","","https://hotel.cdiscount.com/518844/hotel-belambra_clubs_le_grau_du_roi_le_vidourle.htm?ident=3z%2F1H8bpy7eHAB%2Br%2Bz69QFVXtKgKjF4L5quNx99%2FkCI%3D&minPrice=314&minPublicPrice=314&p=1&id=518844&refKey=74CF81F06CCD278C53D32ECBF3AD5013.A&orderBy=distance-near&asc=true&lastSearchType=false","[]","[]","[]","[]","[]","[]","[]","[]","[]","[]","[]","[]",1,"[]","[]",0,0,0,0,0,"","","[]","[]","[]","[]",-1673225013,"[]","[]","[]","[]","[]","[]","[]","[]",2,"1db831653266691d8023f26536b6d0bffb613a9a"
1,"2021-05-23",88,1967898493448477501,1967898493448470529,0,1,"2021-05-23 12:04:28",760,360,2,70323,"fr","","","[]","[]","[]","[]","coruscant-7.7.0","clickin-9.19.0",0,0,"[]","[]","[]","[]","[]","[]","[]","[]","[]","[]","[]","[]","[]","NoData",0,"NoData","NoData","","https://m-tickets.cdiscount.com/fr/genre/parc/g/PA/idtier/23354228?cid=search_TXT&cm_mmc=SE_mckv!TXT!SER!1884323277!Cdiscount_Billetterie&gclid=Cj0KCQjw-O35BRDVARIsAJU5mQUANaQFwayk3PCGrYx7UIf5ThVItQAN1RZhSAE-VLyDhb6cOt2I3d0aAjW0EALw_wcB","[]","[]","[]","[]","[]","[]","[]","[]","[]","[]","[]","[]",1,"[]","[]",0,0,0,0,0,"","","[]","[]","[]","[]",833682029,"[]","[]","[]","[]","[]","[]","[]","[]",2,"8bff6468b9db88958dd8bdbc651a4c42a4b4326b"
1,"2021-05-23",88,2025668519918438636,2025668519918436353,0,1,"2021-05-23 22:40:49",640,360,6,1647732,"fr","","","[]","[]","[]","[]","coruscant-7.7.0","clickin-9.19.0",0,0,"[]","[]","[]","[]","[]","[]","[]","[]","[]","[]","[]","[]","[]","NoData",0,"NoData","NoData","","https://cdiscountmobile.cdiscount.com/souscrire/fr/panier.html?paniercleterminal=-1&panierclesim=5&paniercleoffre=1730","[]","[]","[]","[]","[]","[]","[]","[]","[]","[]","[]","[]",1,"[]","[]",0,0,0,0,0,"","","[]","[]","[]","[]",1206750299,"[]","[]","[]","[]","[]","[]","[]","[]",2,"97bf43ee937e94227ac313d0d49c32bd5818006d"
1,"2021-05-23",88,2093203830487856066,2093203830487842817,0,1,"2021-05-23 13:16:20",768,1024,1,14061,"fr","","","[]","[]","[]","[]","coruscant-7.7.0","clickin-9.19.0",0,0,"[]","[]","[]","[]","[]","[]","[]","[]","[]","[]","[]","[]","[]","NoData",0,"NoData","NoData","","https://www.vol-direct.fr/","[]","[]","[]","[]","[]","[]","[]","[]","[]","[]","[]","[]",1,"[]","[]",0,0,0,0,0,"","","[]","[]","[]","[]",-9167788,"[]","[]","[]","[]","[]","[]","[]","[]",2,"2b6a22c3a5d6c29c3c3ecfa2b36d0edd735ba731"
1,"2021-05-23",88,2141909846758010378,2141909846757998593,0,1,"2021-05-23 14:15:49",768,1024,1,4554,"en","","","[]","[]","[]","[]","coruscant-7.7.0","clickin-9.19.0",0,0,"[]","[]","[]","[]","[]","[]","[]","[]","[]","[]","[]","[3632784861846912849,12081841971236907364]","[]","NoData",0,"NoData","NoData","","","[]","[]","[]","[]","[]","[]","[]","[]","[]","[]","[]","[]",1,"[]","[]",0,0,0,0,0,"","","[]","[]","[]","[]",1228293955,"[]","[]","[]","[]","[]","[]","[]","[]",2,"2fb41b45625e95aab7b08a7abdc0ff039e6fb7bd"
1,"2021-05-23",88,2153217902953322357,2153217902953316353,0,1,"2021-05-23 12:46:30",568,320,1,0,"fr","","","[]","[]","[]","[]","coruscant-7.7.0","clickin-9.19.0",0,0,"[]","[]","[]","[]","[]","[]","[]","[]","[]","[]","[]","[]","[]","NoData",0,"NoData","NoData","","https://www.liligo.fr/air/SearchFlights.jsp","[]","[]","[]","[]","[]","[]","[]","[]","[]","[]","[]","[]",1,"[]","[]",0,0,0,0,0,"","","[]","[]","[]","[]",-1662788648,"[]","[]","[]","[]","[]","[]","[]","[]",2,"7af17fee4168e57d86666e0ae8e8ddf10a44ee31"
1,"2021-05-23",88,2179309199889258851,2179309199889252353,0,1,"2021-05-23 23:06:48",812,375,2,147370,"en","Wilmington","US","[]","[]","[]","[]","coruscant-7.7.0","clickin-9.19.0",0,0,"[]","[]","[]","[]","[]","[]","[]","[]","[]","[]","[]","[3632784861846912849,12081841971236907364]","[]","Unknown",0,"Unknown","Unknown","","","[]","[]","[]","[]","[]","[]","[]","[]","[]","[]","[]","[]",0,"[]","[]",0,0,0,0,0,"","","[]","[]","[]","[]",1189475178,"[]","[]","[]","[]","[]","[]","[]","[]",1,""
1,"2021-05-23",88,2185878331427780516,2185878331427766304,0,32,"2021-05-23 08:13:56",1080,1920,4,265068,"nl","","","[]","[]","[]","[]","coruscant-7.7.0","clickin-9.19.0",0,0,"[]","[]","[]","[]","[]","[]","[]","[]","[]","[]","[]","[3632784861846912849,12081841971236907364]","[]","NoData",0,"NoData","NoData","","","[]","[]","[]","[]","[]","[]","[]","[]","[]","[]","[]","[]",1,"[]","[]",0,0,0,0,0,"","","[]","[]","[]","[]",291438015,"[]","[]","[]","[]","[]","[]","[]","[]",2,"0e7dc9def80f99df29572d0de5acb63a63a98892"
1,"2021-05-23",88,2256262086417578705,2256262086417563794,0,146,"2021-05-23 13:06:03",1024,1280,2,4270,"it","","","[]","[]","[]","[]","coruscant-7.7.0","clickin-9.19.0",0,0,"[]","[]","[]","[]","[]","[]","[]","[]","[]","[]","[]","[]","[]","NoData",0,"NoData","NoData","","https://seller.cdiscount.com/Order/Detail/AcceptOrder","[]","[]","[]","[]","[]","[]","[]","[]","[]","[]","[]","[]",1,"[]","[]",0,0,0,0,0,"","","[]","[]","[]","[]",-1343779247,"[]","[]","[]","[]","[]","[]","[]","[]",2,"bdc241427b8bc5047fee0a77b22fc36aa29522a6"
1,"2021-05-23",88,2325646633075239107,2325646633075228673,0,1,"2021-05-23 00:04:30",1080,1920,1,95980,"fr","Wilmington","US","[]","[]","[]","[]","coruscant-7.7.1-rc1","clickin-9.19.0",0,0,"[]","[]","[]","[]","[]","[]","[]","[]","[]","[]","[]","[]","[]","Apple WebKit",0,"Unknown","Sony","Playstation","https://www.cdiscount.com/","[2,3,5,6,7,9,10,12,13,14,15,16,17]","['pg_cat2','pg_cat3','pg_type','pg_name','usr_logged_fid','gender_age_postcode','segment_score','sf_type_prsnb_amtati','trademark_sku','SVNoChange','hdnPageType','abcookie','env_version']","['Informatique','Ordinateur Portable','FicheProduit','F-BUNE406MAEK065T:Pack ASUS PC portable E406MA-EK065T - 14\' Full HD - Pentium N5000 - RAM 4Go - Stockage 128Go - Windows 10 Home S + Sacoche/Souris','Logged:0;FID:0','Gender:;Age:;Postcode:','Segment:;Score:','Sf_type:;Sf_prs_nb:;Sf_amt_ati:','Trademark:ASUS;SKU:BUNE406MAEK065T','1399.1|1398.1|1397.1|1395.1|1394.1|1393.1|1391.1|1376.1|1375.1|1372.1|1363.1|1361.1|1357.1|1339.1|1333.1|1329.1|1302.1|1271.1|1269.0|1259.1|1256.1|1255.0|1250.1|1242.0|1229.1|1221.1|1217.1|1211.1|1208.1|1182.0|1164.1|1142.1|1141.1|1118.0|1116.1|1099.1|108','Product','uid=18101700514911724&fst=1539730309315&pst=1587439318445&cst=1588889798639&ns=16&pvt=48&pvis=3&th=344723.450081.2.0.16.0.1539730310025.1539730416368.1_465681.588055.6.0.12.0.1569714275097.1578026907639.1_543452.676727.2.0.3.0.1586301176691.1586301245508.','.1|2517.1|2518.1|3000.1|3001.1|3002.0|3003.1|3005.1|3010.0|3014.0|3015.0|4003.0|4500.1|4502.1|4503.1']","[2,3,5,6,7,9,10,12,13,14,15,16,17]","['pg_cat2','pg_cat3','pg_type','pg_name','usr_logged_fid','gender_age_postcode','segment_score','sf_type_prsnb_amtati','trademark_sku','SVNoChange','hdnPageType','abcookie','env_version']","['Informatique','Ordinateur Portable','FicheProduit','F-BUNE406MAEK065T:Pack ASUS PC portable E406MA-EK065T - 14\' Full HD - Pentium N5000 - RAM 4Go - Stockage 128Go - Windows 10 Home S + Sacoche/Souris','Logged:0;FID:0','Gender:;Age:;Postcode:','Segment:;Score:','Sf_type:;Sf_prs_nb:;Sf_amt_ati:','Trademark:ASUS;SKU:BUNE406MAEK065T','1399.1|1398.1|1397.1|1395.1|1394.1|1393.1|1391.1|1376.1|1375.1|1372.1|1363.1|1361.1|1357.1|1339.1|1333.1|1329.1|1302.1|1271.1|1269.0|1259.1|1256.1|1255.0|1250.1|1242.0|1229.1|1221.1|1217.1|1211.1|1208.1|1182.0|1164.1|1142.1|1141.1|1118.0|1116.1|1099.1|108','Product','uid=18101700514911724&fst=1539730309315&pst=1587439318445&cst=1588889798639&ns=16&pvt=48&pvis=3&th=344723.450081.2.0.16.0.1539730310025.1539730416368.1_465681.588055.6.0.12.0.1569714275097.1578026907639.1_543452.676727.2.0.3.0.1586301176691.1586301245508.','.1|2517.1|2518.1|3000.1|3001.1|3002.0|3003.1|3005.1|3010.0|3014.0|3015.0|4003.0|4500.1|4502.1|4503.1']","[]","[]","[]","[]","[]","[]",0,"[]","[]",0,0,0,0,0,"","","[]","[]","[]","[]",1504780759,"[]","[]","[]","[]","[]","[]","[]","[]",1,""
1,"2021-05-23",88,2332974298417065053,2332974298417053697,0,1,"2021-05-23 08:00:08",760,360,1,0,"fr","","","[]","[]","[]","[]","coruscant-7.7.0","clickin-9.19.0",0,0,"[]","[]","[]","[]","[]","[]","[]","[]","[]","[]","[]","[3632784861846912849]","[]","NoData",0,"NoData","NoData","","","[]","[]","[]","[]","[]","[]","[]","[]","[]","[]","[]","[]",1,"[]","[]",0,0,0,0,0,"","","[]","[]","[]","[]",86535760,"[]","[]","[]","[]","[]","[]","[]","[]",2,"73e8fc43087c0a1fc6b59c213d24bf1c30ca66de"
1,"2021-05-23",88,2405437557353715971,2405437557353709980,0,412,"2021-05-23 08:33:46",1024,1280,34,9478771,"fr","","","[]","[]","[]","[]","coruscant-7.7.0","clickin-9.19.0",0,0,"[]","[]","[]","[]","[]","[]","[]","[]","[]","[]","[]","[3632784861846912849,12081841971236907364]","[]","NoData",0,"NoData","NoData","","https://seller.cdiscount.com/product/edit/0df2a8b07683419696d3386d5cadf062/ProductDetails","[]","[]","[]","[]","[]","[]","[]","[]","[]","[]","[]","[]",1,"[]","[]",0,0,0,0,0,"","","[]","[]","[]","[]",-982704217,"[]","[]","[]","[]","[]","[]","[]","[]",2,"1796b6ea004e72f7ebbf0d5948c3606b3bdb1aaa"
1,"2021-05-23",88,2462392395660635756,2462392395660623873,0,1,"2021-05-23 10:46:28",896,414,1,75381,"fr","","","[]","[]","[]","[]","coruscant-7.7.0","clickin-9.19.0",0,0,"[]","[]","[]","[]","[]","[]","[]","[]","[]","[]","[]","[3632784861846912849,12081841971236907364]","[]","NoData",0,"NoData","NoData","","https://www.google.com/","[]","[]","[]","[]","[]","[]","[]","[]","[]","[]","[]","[]",1,"[]","[]",0,0,0,0,0,"","","[]","[]","[]","[]",764775574,"[]","[]","[]","[]","[]","[]","[]","[]",2,"a01d6b59690e8c512b8ae0a7427c8427ec395153"
1,"2021-05-23",88,2651745467272626503,2651745467272626284,0,108,"2021-05-23 12:05:16",768,1366,79,12078053,"fr","","","[]","[]","[]","[]","coruscant-7.7.0","clickin-9.19.0",0,0,"[]","[]","[]","[]","[]","[]","[]","[]","[]","[]","[]","[3632784861846912849,12081841971236907364]","[]","NoData",0,"NoData","NoData","","https://seller.cdiscount.com/Messages/Discussion/ToTreat/-1/Date/DESC","[]","[]","[]","[]","[]","[]","[]","[]","[]","[]","[]","[]",1,"[]","[]",0,0,0,0,0,"","","[]","[]","[]","[]",1178828457,"[]","[]","[]","[]","[]","[]","[]","[]",2,"d0f0ced46a1d3b6b5afc8b527cdccf99a9658f98"
1,"2021-05-23",88,2794970945233200944,2794970945233190913,0,1,"2021-05-23 15:02:48",1080,1920,2,91952,"en","Wilmington","US","[]","[]","[]","[]","coruscant-7.7.0","clickin-9.19.0",0,0,"[]","[]","[]","[]","[]","[]","[]","[]","[]","[]","[]","[3632784861846912849,12081841971236907364]","[]","Unknown",0,"Unknown","Unknown","","","[]","[]","[]","[]","[]","[]","[]","[]","[]","[]","[]","[]",0,"[]","[]",0,0,0,0,0,"","","[]","[]","[]","[]",750419887,"[]","[]","[]","[]","[]","[]","[]","[]",1,""
1,"2021-05-23",88,2806652479102902296,2806652479102894081,0,1,"2021-05-23 03:06:48",812,375,2,146069,"en","Wilmington","US","[]","[]","[]","[]","coruscant-7.7.1-rc1","clickin-9.19.0",0,0,"[]","[]","[]","[]","[]","[]","[]","[]","[]","[]","[]","[3632784861846912849,12081841971236907364]","[]","Unknown",0,"Unknown","Unknown","","","[]","[]","[]","[]","[]","[]","[]","[]","[]","[]","[]","[]",0,"[]","[]",0,0,0,0,0,"","","[]","[]","[]","[]",647387572,"[]","[]","[]","[]","[]","[]","[]","[]",1,""
1,"2021-05-23",88,2815845825661915454,2815845825661911337,0,297,"2021-05-23 08:55:13",1080,1920,1,1132499,"fr","","","[]","[]","[]","[]","coruscant-7.7.0","clickin-9.19.0",0,0,"[]","[]","[]","[]","[]","[]","[]","[]","[]","[]","[]","[]","[]","NoData",0,"NoData","NoData","","https://seller.cdiscount.com/","[]","[]","[]","[]","[]","[]","[]","[]","[]","[]","[]","[]",1,"[]","[]",0,0,0,0,0,"","","[]","[]","[]","[]",-1035239941,"[]","[]","[]","[]","[]","[]","[]","[]",2,"e3fa6eaa26df7b436ba262b4559dca763e707c11"
1,"2021-05-23",88,2844847980260358278,2844847980260343809,0,1,"2021-05-23 19:57:17",600,800,1,0,"en","Wilmington","US","[]","[]","[]","[]","coruscant-7.7.0","clickin-9.19.0",0,0,"[]","[]","[]","[]","[]","[]","[]","[]","[]","[]","[]","[]","[]","Robot/Spider",0,"Unknown","Unknown","","","[]","[]","[]","[]","[]","[]","[]","[]","[]","[]","[]","[]",0,"[]","[]",0,0,0,0,0,"","","[]","[]","[]","[]",-1922010305,"[]","[]","[]","[]","[]","[]","[]","[]",1,""
1,"2021-05-23",88,2890456936554925493,2890456936554922405,0,421,"2021-05-23 07:30:54",1080,1920,2,106191,"fr","","","[]","[]","[]","[]","coruscant-7.7.0","clickin-9.19.0",0,0,"[]","[]","[]","[]","[]","[]","[]","[]","[]","[]","[]","[3632784861846912849,12081841971236907364]","[]","NoData",0,"NoData","NoData","","","[]","[]","[]","[]","[]","[]","[]","[]","[]","[]","[]","[]",1,"[]","[]",0,0,0,0,0,"","","[]","[]","[]","[]",430431252,"[]","[]","[]","[]","[]","[]","[]","[]",2,"5ea9d531adf062ee4607023a18a795ecd3f7dfbc"
1,"2021-05-23",88,2920213383312940715,2920213383312932867,0,3,"2021-05-23 18:55:21",736,414,1,7457,"fr","","","[]","[]","[]","[]","coruscant-7.7.0","clickin-9.19.0",0,0,"[]","[]","[]","[]","[]","[]","[]","[]","[]","[]","[]","[]","[]","NoData",0,"NoData","NoData","","https://www.cdiscount.com/voyages/v-145-0.html","[]","[]","[]","[]","[]","[]","[]","[]","[]","[]","[]","[]",1,"[]","[]",0,0,0,0,0,"","","[]","[]","[]","[]",2144535570,"[]","[]","[]","[]","[]","[]","[]","[]",2,"82b5d8f594642f0e5c16d5eadbc73551fd5f4c26"
1,"2021-05-23",88,2942202037101154772,2942202037101151271,0,1063,"2021-05-23 16:04:05",864,1536,4,32316,"fr","","","[]","[]","[]","[]","coruscant-7.7.0","clickin-9.19.0",0,0,"[]","[]","[]","[]","[]","[]","[]","[]","[]","[]","[]","[]","[]","NoData",0,"NoData","NoData","","https://seller.cdiscount.com/StoreParameters/DisplayVacation","[]","[]","[]","[]","[]","[]","[]","[]","[]","[]","[]","[]",1,"[]","[]",0,0,0,0,0,"","","[]","[]","[]","[]",825718233,"[]","[]","[]","[]","[]","[]","[]","[]",2,"16d08865b292df07a47f2e2fe51c91d08c4171ec"
1,"2021-05-23",88,3233436201815205050,3233436201815195649,0,1,"2021-05-23 01:55:14",667,375,1,1419,"en","Wilmington","US","[]","[]","[]","[]","coruscant-7.7.1-rc1","clickin-9.19.0",0,0,"[]","[]","[]","[]","[]","[]","[]","[]","[]","[]","[]","[]","[]","Unknown",0,"Unknown","Unknown","","https://www.cdiscount.com/voyages/v-145-0.html","[]","[]","[]","[]","[]","[]","[]","[]","[]","[]","[]","[]",0,"[]","[]",0,0,0,0,0,"","","[]","[]","[]","[]",-310714953,"[]","[]","[]","[]","[]","[]","[]","[]",1,""
1,"2021-05-23",88,3308998801279406786,3308998801279402193,0,209,"2021-05-23 12:20:48",768,1366,1,374,"es","","","[]","[]","[]","[]","coruscant-7.7.0","clickin-9.19.0",0,0,"[]","[]","[]","[]","[]","[]","[]","[]","[]","[]","[]","[]","[]","NoData",0,"NoData","NoData","","https://seller.cdiscount.com/Messages","[]","[]","[]","[]","[]","[]","[]","[]","[]","[]","[]","[]",0,"[]","[]",0,0,0,0,0,"","","[]","[]","[]","[]",1033752392,"[]","[]","[]","[]","[]","[]","[]","[]",2,"42874d7ccf0566f8696c9947cabd049850e336aa"
1,"2021-05-23",88,3358897362729761507,3358897362729746433,0,1,"2021-05-23 10:50:54",812,375,1,66,"fr","","","[]","[]","[]","[]","coruscant-7.7.0","clickin-9.19.0",0,0,"[]","[]","[]","[]","[]","[]","[]","[]","[]","[]","[]","[]","[]","NoData",0,"NoData","NoData","","","[]","[]","[]","[]","[]","[]","[]","[]","[]","[]","[]","[]",1,"[]","[]",0,0,0,0,0,"","","[]","[]","[]","[]",-25237816,"[]","[]","[]","[]","[]","[]","[]","[]",2,"699581ac9d43fe8e6cbb759767bc4859c58f2e38"
1,"2021-05-23",88,3391015030637772542,3391015030637756417,0,1,"2021-05-23 19:58:06",736,414,1,110669,"fr","","","[]","[]","[]","[]","coruscant-7.7.0","clickin-9.19.0",0,0,"[]","[]","[]","[]","[]","[]","[]","[]","[]","[]","[]","[]","[]","NoData",0,"NoData","NoData","","https://www.cdiscount.com/","[]","[]","[]","[]","[]","[]","[]","[]","[]","[]","[]","[]",1,"[]","[]",0,0,0,0,0,"","","[]","[]","[]","[]",-798648500,"[]","[]","[]","[]","[]","[]","[]","[]",2,"4687a2c10a7fafb86ad60b79a9774a2681aefa82"
1,"2021-05-23",88,3443719634418151235,3443719634418139137,0,1,"2021-05-23 18:26:40",600,800,1,0,"en","Wilmington","US","[]","[]","[]","[]","coruscant-7.7.0","clickin-9.19.0",0,0,"[]","[]","[]","[]","[]","[]","[]","[]","[]","[]","[]","[]","[]","Robot/Spider",0,"Unknown","Unknown","","","[]","[]","[]","[]","[]","[]","[]","[]","[]","[]","[]","[]",0,"[]","[]",0,0,0,0,0,"","","[]","[]","[]","[]",-738611301,"[]","[]","[]","[]","[]","[]","[]","[]",1,""
1,"2021-05-23",88,3469451235242875649,3469451235242868737,0,1,"2021-05-23 07:49:20",1080,1920,1,13840,"fr","Wilmington","US","[]","[]","[]","[]","coruscant-7.7.0","clickin-9.19.0",0,0,"[]","[]","[]","[]","[]","[]","[]","[]","[]","[]","[]","[3632784861846912849,12081841971236907364]","[]","Apple WebKit",0,"Unknown","Sony","Playstation","https://www.google.com/search?q=Cdiscount&hl=fr&safe=off","[5,6,7,9,10,12,13,14,15,16,17]","['pg_type','pg_name','usr_logged_fid','gender_age_postcode','segment_score','sf_type_prsnb_amtati','trademark_sku','SVNoChange','hdnPageType','abcookie','env_version']","['Homepage','Home','Logged:0;FID:0','Gender:;Age:;Postcode:','Segment:;Score:','Sf_type:;Sf_prs_nb:;Sf_amt_ati:','Trademark:;SKU:','1399.1|1398.1|1397.1|1395.1|1394.1|1393.1|1391.1|1376.1|1375.1|1372.1|1363.1|1361.1|1357.1|1339.1|1333.1|1329.1|1302.1|1271.1|1269.0|1259.1|1256.1|1255.1|1250.1|1242.0|1229.1|1221.1|1217.1|1211.1|1208.1|1182.0|1164.1|1142.1|1141.1|1118.0|1116.1|1099.1|108','HomePage','uid=20041117174612492&fst=1586618266279&pst=1593189106712&cst=1593210839250&ns=26&pvt=105&pvis=2&th=433805.552134.5.0.23.0.1587762953577.1588539283410.1_442814.562176.1.0.3.0.1593185224346.1593185224346.1_465681.588055.27.0.24.0.1586978989388.159259125557','.1|2517.1|2518.1|3000.1|3001.1|3002.0|3003.1|3005.1|3010.0|3014.0|3015.0|4003.1|4500.1|4502.1|4503.1']","[5,6,7,9,10,12,13,14,15,16,17]","['pg_type','pg_name','usr_logged_fid','gender_age_postcode','segment_score','sf_type_prsnb_amtati','trademark_sku','SVNoChange','hdnPageType','abcookie','env_version']","['Homepage','Home','Logged:0;FID:0','Gender:;Age:;Postcode:','Segment:;Score:','Sf_type:;Sf_prs_nb:;Sf_amt_ati:','Trademark:;SKU:','1399.1|1398.1|1397.1|1395.1|1394.1|1393.1|1391.1|1376.1|1375.1|1372.1|1363.1|1361.1|1357.1|1339.1|1333.1|1329.1|1302.1|1271.1|1269.0|1259.1|1256.1|1255.1|1250.1|1242.0|1229.1|1221.1|1217.1|1211.1|1208.1|1182.0|1164.1|1142.1|1141.1|1118.0|1116.1|1099.1|108','HomePage','uid=20041117174612492&fst=1586618266279&pst=1593189106712&cst=1593210839250&ns=26&pvt=105&pvis=2&th=433805.552134.5.0.23.0.1587762953577.1588539283410.1_442814.562176.1.0.3.0.1593185224346.1593185224346.1_465681.588055.27.0.24.0.1586978989388.159259125557','.1|2517.1|2518.1|3000.1|3001.1|3002.0|3003.1|3005.1|3010.0|3014.0|3015.0|4003.1|4500.1|4502.1|4503.1']","[]","[]","[]","[]","[]","[]",0,"[]","[]",0,0,0,0,0,"","","[]","[]","[]","[]",-341350043,"[]","[]","[]","[]","[]","[]","[]","[]",1,""
1,"2021-05-23",88,3477203103785462330,3477203103785451521,0,1,"2021-05-23 00:32:51",1080,1920,2,94671,"en","Wilmington","US","[]","[]","[]","[]","coruscant-7.7.1-rc1","clickin-9.19.0",0,0,"[]","[]","[]","[]","[]","[]","[]","[]","[]","[]","[]","[3632784861846912849,12081841971236907364]","[]","Unknown",0,"Unknown","Unknown","","","[]","[]","[]","[]","[]","[]","[]","[]","[]","[]","[]","[]",0,"[]","[]",0,0,0,0,0,"","","[]","[]","[]","[]",1815790702,"[]","[]","[]","[]","[]","[]","[]","[]",1,""
1,"2021-05-23",88,3539995790505046259,3539995790505033733,0,5,"2021-05-23 15:28:14",768,1366,2,492718,"fr","","","[]","[]","[]","[]","coruscant-7.7.0","clickin-9.19.0",0,0,"[]","[]","[]","[]","[]","[]","[]","[]","[]","[]","[]","[3632784861846912849,12081841971236907364]","[]","NoData",0,"NoData","NoData","","https://www.google.com/","[8]","['h_deb_session']","['12']","[]","[]","[]","[]","[]","[]","[]","[]","[]",1,"[]","[]",0,0,0,0,0,"","","[]","[]","[]","[]",-632867183,"[]","[]","[]","[]","[]","[]","[]","[]",2,"9a5d461d9ee83bca5e0d6231eebbd58976cf0d31"
1,"2021-05-23",88,3559099714033481516,3559099714033467393,0,1,"2021-05-23 00:01:43",768,1024,1,1442,"en","","","[]","[]","[]","[]","coruscant-7.7.1-rc1","clickin-9.19.0",0,0,"[]","[]","[]","[]","[]","[]","[]","[]","[]","[]","[]","[3632784861846912849,12081841971236907364]","[]","NoData",0,"NoData","NoData","","","[]","[]","[]","[]","[]","[]","[]","[]","[]","[]","[]","[]",1,"[]","[]",0,0,0,0,0,"","","[]","[]","[]","[]",-1269381295,"[]","[]","[]","[]","[]","[]","[]","[]",2,"16c50c4c08f365b3ca0ad0acf4e88b8d375888ac"
1,"2021-05-23",88,3569976130872043007,3569976130872033290,0,10,"2021-05-23 13:13:06",1080,1920,10,4145700,"fr","Wilmington","US","[]","[]","[]","[]","coruscant-7.7.0","clickin-9.19.0",0,0,"[]","[]","[]","[]","[]","[]","[]","[]","[]","[]","[]","[]","[]","NoData",0,"NoData","NoData","","https://hotel.cdiscount.com/285401/hotel-htel_cannes_croisette.htm?ident=EN80Yhti0Pf14%2FQyu%2FqO%2BC0fKm2XN53fTLAY69i5H94%3D&minPrice=596&minPublicPrice=596&p=1&id=285401&refKey=B5FCF690CF62CED903424547FD7A1DF8.B&orderBy=distance-near&asc=true&lastSearchType=false","[]","[]","[]","[]","[]","[]","[]","[]","[]","[]","[]","[]",1,"[]","[]",0,0,0,0,0,"","","[]","[]","[]","[]",-96726566,"[]","[]","[]","[]","[]","[]","[]","[]",2,"84c104670647712eeb05c54610940bb6d3b3f9a6"
1,"2021-05-23",88,3569976130872043007,3569976130872033291,0,11,"2021-05-23 14:02:22",1080,1920,31,4228023,"fr","Wilmington","US","[]","[]","[]","[]","coruscant-7.7.0","clickin-9.19.0",0,0,"[]","[]","[]","[]","[]","[]","[]","[]","[]","[]","[]","[3632784861846912849,12081841971236907364]","[]","NoData",0,"NoData","NoData","","https://hotel.cdiscount.com/redirect.htm?toAddressName=Golden+Tulip+Cannes+Hotel+De+Paris+4*%2C+Cannes&lat=43.554007&lng=7.024438&supplierCodes=&accomCode=30400&toCityCode=&new=true&toPoiCode=&toPolygonCode=&startDate=2020-09-01&endDate=2020-09-07&key=6120DB9189E52B9BB757345ED4D80722.B&filterBudgetDescription=&mealPlansDescription=&searchMode=&duplicatesCodes=&debug=false&codeEvent=&key=6120DB9189E52B9BB757345ED4D80722.B&nbAdults_room_1=2","[]","[]","[]","[]","[]","[]","[]","[]","[]","[]","[]","[]",0,"[]","[]",0,0,0,0,0,"","","[]","[]","[]","[]",1785057187,"[]","[]","[]","[]","[]","[]","[]","[]",1,""
1,"2021-05-23",88,3629505512718159365,3629505512718155778,0,2,"2021-05-23 10:37:59",1080,1920,1,1471605,"fr","Wilmington","US","[]","[]","[]","[]","coruscant-7.7.0","clickin-9.19.0",0,0,"[]","[]","[]","[]","[]","[]","[]","[]","[]","[]","[]","[]","[]","Apple WebKit",0,"Unknown","Sony","Playstation","","[1,2,3,5,6,7,9,10,12,13,14,15,16,17]","['search_keywords','pg_cat2','pg_cat3','pg_type','pg_name','usr_logged_fid','gender_age_postcode','segment_score','sf_type_prsnb_amtati','trademark_sku','SVNoChange','hdnPageType','abcookie','env_version']","['chaine grain de cafe homme','Bijouterie','Chaînes et pendentifs','Recherche:Category','Recherche','Logged:0;FID:0','Gender:;Age:;Postcode:','Segment:;Score:','Sf_type:;Sf_prs_nb:;Sf_amt_ati:','Trademark:;SKU:','1399.1|1398.1|1397.1|1395.1|1394.1|1393.1|1391.1|1376.1|1375.1|1372.1|1363.1|1361.1|1357.1|1339.1|1333.1|1329.1|1302.1|1271.1|1269.0|1259.1|1256.1|1255.1|1250.1|1242.0|1229.1|1221.1|1217.1|1211.1|1208.1|1182.0|1164.1|1142.1|1141.1|1118.0|1116.1|1099.1|108','CategoryNat','uid=20062519411160152&fst=1593106872247&pst=null&cst=1593106872247&ns=1&pvt=1&pvis=1&th=568348.706047.1.1.1.1.1593106873614.1593106873614.1','.1|2517.1|2518.1|3000.1|3001.1|3002.0|3003.1|3005.1|3010.0|3014.0|3015.0|4003.1|4500.1|4502.1|4503.1']","[1,2,3,5,6,7,9,10,12,13,14,15,16,17]","['search_keywords','pg_cat2','pg_cat3','pg_type','pg_name','usr_logged_fid','gender_age_postcode','segment_score','sf_type_prsnb_amtati','trademark_sku','SVNoChange','hdnPageType','abcookie','env_version']","['chaine grain de cafe homme','Bijouterie','Chaînes et pendentifs','Recherche:Category','Recherche','Logged:0;FID:0','Gender:;Age:;Postcode:','Segment:;Score:','Sf_type:;Sf_prs_nb:;Sf_amt_ati:','Trademark:;SKU:','1399.1|1398.1|1397.1|1395.1|1394.1|1393.1|1391.1|1376.1|1375.1|1372.1|1363.1|1361.1|1357.1|1339.1|1333.1|1329.1|1302.1|1271.1|1269.0|1259.1|1256.1|1255.1|1250.1|1242.0|1229.1|1221.1|1217.1|1211.1|1208.1|1182.0|1164.1|1142.1|1141.1|1118.0|1116.1|1099.1|108','CategoryNat','uid=20062519411160152&fst=1593106872247&pst=null&cst=1593106872247&ns=1&pvt=1&pvis=1&th=568348.706047.1.1.1.1.1593106873614.1593106873614.1','.1|2517.1|2518.1|3000.1|3001.1|3002.0|3003.1|3005.1|3010.0|3014.0|3015.0|4003.1|4500.1|4502.1|4503.1']","[]","[]","[]","[]","[]","[]",0,"[]","[]",0,0,0,0,0,"","","[]","[]","[]","[]",2107069185,"[]","[]","[]","[]","[]","[]","[]","[]",1,""
1,"2021-05-23",88,3710567437609311431,3710567437609304065,0,1,"2021-05-23 14:40:09",896,414,1,3187,"fr","","","[]","[]","[]","[]","coruscant-7.7.0","clickin-9.19.0",0,0,"[]","[]","[]","[]","[]","[]","[]","[]","[]","[]","[]","[]","[]","NoData",0,"NoData","NoData","","https://www.google.fr","[]","[]","[]","[]","[]","[]","[]","[]","[]","[]","[]","[]",1,"[]","[]",0,0,0,0,0,"","","[]","[]","[]","[]",1607985893,"[]","[]","[]","[]","[]","[]","[]","[]",2,"057abdc56d72a8830e9ae2a4a7c499e405ee1d75"
1,"2021-05-23",88,3783314130319877972,3783314130319867907,0,3,"2021-05-23 14:15:46",1080,1920,1,382,"fr","","","[]","[]","[]","[]","coruscant-7.7.0","clickin-9.19.0",0,0,"[]","[]","[]","[]","[]","[]","[]","[]","[]","[]","[]","[3632784861846912849,12081841971236907364]","[]","NoData",0,"NoData","NoData","","https://seller.cdiscount.com/login","[]","[]","[]","[]","[]","[]","[]","[]","[]","[]","[]","[]",1,"[]","[]",0,0,0,0,0,"","","[]","[]","[]","[]",495331314,"[]","[]","[]","[]","[]","[]","[]","[]",2,"a66cfab3cfddeebfd8e29bdf83591501c8ac1a02"
1,"2021-05-23",88,3806786820608951522,3806786820608950371,0,99,"2021-05-23 12:18:43",869,412,1,5919,"fr","","","[]","[]","[]","[]","coruscant-7.7.0","clickin-9.19.0",0,0,"[]","[]","[]","[]","[]","[]","[]","[]","[]","[]","[]","[]","[]","NoData",0,"NoData","NoData","","https://www.google.com/","[]","[]","[]","[]","[]","[]","[]","[]","[]","[]","[]","[]",1,"[]","[]",0,0,0,0,0,"","","[]","[]","[]","[]",-1161388286,"[]","[]","[]","[]","[]","[]","[]","[]",2,"8da54d7875b6d1789d7258eca2b72d0a635ee03e"
1,"2021-05-23",88,3827138659901193839,3827138659901177966,0,110,"2021-05-23 09:12:37",900,1600,9,2640829,"zh","","","[]","[]","[]","[]","coruscant-7.7.0","clickin-9.19.0",0,0,"[]","[]","[]","[]","[]","[]","[]","[]","[]","[]","[]","[3632784861846912849,12081841971236907364]","[]","NoData",0,"NoData","NoData","","https://seller.cdiscount.com/login","[]","[]","[]","[]","[]","[]","[]","[]","[]","[]","[]","[]",1,"[]","[]",0,0,0,0,0,"","","[]","[]","[]","[]",1165921481,"[]","[]","[]","[]","[]","[]","[]","[]",2,"d36cf177783fb0692798e3a3238adf4bd805f498"
1,"2021-05-23",88,3868189086147054272,3868189086147051521,0,1,"2021-05-23 12:25:13",667,375,1,549,"en","Wilmington","US","[]","[]","[]","[]","coruscant-7.7.0","clickin-9.19.0",0,0,"[]","[]","[]","[]","[]","[]","[]","[]","[]","[]","[]","[]","[]","Unknown",0,"Unknown","Unknown","","https://www.cdiscount.com/voyages/v-145-0.html","[]","[]","[]","[]","[]","[]","[]","[]","[]","[]","[]","[]",0,"[]","[]",0,0,0,0,0,"","","[]","[]","[]","[]",-57933473,"[]","[]","[]","[]","[]","[]","[]","[]",1,""
1,"2021-05-23",88,3978838474278460457,3978838474278453249,0,1,"2021-05-23 13:47:59",600,800,1,0,"en","","","[]","[]","[]","[]","coruscant-7.7.0","clickin-9.19.0",0,0,"[]","[]","[]","[]","[]","[]","[]","[]","[]","[]","[]","[3632784861846912849,12081841971236907364]","[]","NoData",0,"NoData","NoData","","https://seller.preprod-cdiscount.com/login","[]","[]","[]","[]","[]","[]","[]","[]","[]","[]","[]","[]",1,"[]","[]",0,0,0,0,0,"","","[]","[]","[]","[]",-1977981591,"[]","[]","[]","[]","[]","[]","[]","[]",2,"d5c5752630c3a40f2997521381110f604083a402"
1,"2021-05-23",88,3985784692727362175,3985784692727349287,0,39,"2021-05-23 09:41:58",1080,1920,1,44235,"zh","","","[]","[]","[]","[]","coruscant-7.7.0","clickin-9.19.0",0,0,"[]","[]","[]","[]","[]","[]","[]","[]","[]","[]","[]","[]","[]","NoData",0,"NoData","NoData","","https://seller.cdiscount.com/Reports/All/CommissionRates","[]","[]","[]","[]","[]","[]","[]","[]","[]","[]","[]","[]",1,"[]","[]",0,0,0,0,0,"","","[]","[]","[]","[]",1587918642,"[]","[]","[]","[]","[]","[]","[]","[]",2,"22becd4b903fae83e9a6f7c9bd0ad0475f1f2700"
1,"2021-05-23",88,4037941209170519969,4037941209170510151,0,327,"2021-05-23 01:06:06",900,1440,23,4070469,"zh","","","[]","[]","[]","[]","coruscant-7.7.1-rc1","clickin-9.19.0",0,0,"[]","[]","[]","[]","[]","[]","[]","[]","[]","[]","[]","[3632784861846912849,12081841971236907364]","[]","NoData",0,"NoData","NoData","","","[]","[]","[]","[]","[]","[]","[]","[]","[]","[]","[]","[]",1,"[]","[]",0,0,0,0,0,"","","[]","[]","[]","[]",2050216973,"[]","[]","[]","[]","[]","[]","[]","[]",2,"a483ce690af0fc55f56040c68a4b8ee9fed5a63d"
1,"2021-05-23",88,4056771593104816091,4056771593104801793,0,1,"2021-05-23 07:06:48",812,375,2,146235,"en","Wilmington","US","[]","[]","[]","[]","coruscant-7.7.0","clickin-9.19.0",0,0,"[]","[]","[]","[]","[]","[]","[]","[]","[]","[]","[]","[3632784861846912849,12081841971236907364]","[]","Unknown",0,"Unknown","Unknown","","","[]","[]","[]","[]","[]","[]","[]","[]","[]","[]","[]","[]",0,"[]","[]",0,0,0,0,0,"","","[]","[]","[]","[]",-327753513,"[]","[]","[]","[]","[]","[]","[]","[]",1,""
1,"2021-05-23",88,4110208737385410980,4110208737385398276,0,4,"2021-05-23 14:27:19",823,412,3,121881,"fr","","","[]","[]","[]","[]","coruscant-7.7.0","clickin-9.19.0",0,0,"[]","[]","[]","[]","[]","[]","[]","[]","[]","[]","[]","[]","[]","NoData",0,"NoData","NoData","","https://www.google.com/","[]","[]","[]","[]","[]","[]","[]","[]","[]","[]","[]","[]",1,"[]","[]",0,0,0,0,0,"","","[]","[]","[]","[]",1435413444,"[]","[]","[]","[]","[]","[]","[]","[]",2,"7f3945ed4ec797a81a3511e30c8aba722813f7b6"
1,"2021-05-23",88,4118514268501611146,4118514268501606401,0,1,"2021-05-23 14:47:01",1080,1920,70,5625186,"de","Wilmington","US","[]","[]","[]","[]","coruscant-7.7.0","clickin-9.19.0",0,0,"[]","[]","[]","[]","[]","[]","[]","[]","[]","[]","[]","[3632784861846912849,12081841971236907364]","[]","NoData",0,"NoData","NoData","","https://seller.cdiscount.com/login","[]","[]","[]","[]","[]","[]","[]","[]","[]","[]","[]","[]",1,"[]","[]",0,0,0,0,0,"","","[]","[]","[]","[]",-1386009457,"[]","[]","[]","[]","[]","[]","[]","[]",2,"d2b1a5250bbfa9f264ea89100163059fd8b4753d"
1,"2021-05-23",88,4155757285462461701,4155757285462458407,0,39,"2021-05-23 07:12:51",864,1536,4,326541,"fr","","","[]","[]","[]","[]","coruscant-7.7.0","clickin-9.19.0",0,0,"[]","[]","[]","[]","[]","[]","[]","[]","[]","[]","[]","[3632784861846912849,12081841971236907364]","[]","NoData",0,"NoData","NoData","","","[]","[]","[]","[]","[]","[]","[]","[]","[]","[]","[]","[]",1,"[]","[]",0,0,0,0,0,"","","[]","[]","[]","[]",549535525,"[]","[]","[]","[]","[]","[]","[]","[]",2,"8363762f2c8ca06fc1b5d1ad1c524f3a7463a336"
1,"2021-05-23",88,4257753518957186753,4257753518957183392,0,416,"2021-05-23 11:24:02",1080,1920,13,2359458,"en","","","[]","[]","[]","[]","coruscant-7.7.0","clickin-9.19.0",0,0,"[]","[]","[]","[]","[]","[]","[]","[]","[]","[]","[]","[3632784861846912849,12081841971236907364]","[]","NoData",0,"NoData","NoData","","https://seller.cdiscount.com/login","[]","[]","[]","[]","[]","[]","[]","[]","[]","[]","[]","[]",1,"[]","[]",0,0,0,0,0,"","","[]","[]","[]","[]",328711788,"[]","[]","[]","[]","[]","[]","[]","[]",2,"a3c87615d635b3f9f40ef53c317938102487731c"
1,"2021-05-23",88,4262500468269325064,4262500468269318145,0,1,"2021-05-23 22:08:34",812,375,1,24138,"fr","","","[]","[]","[]","[]","coruscant-7.7.0","clickin-9.19.0",0,0,"[]","[]","[]","[]","[]","[]","[]","[]","[]","[]","[]","[]","[]","NoData",0,"NoData","NoData","","https://www.google.fr","[]","[]","[]","[]","[]","[]","[]","[]","[]","[]","[]","[]",1,"[]","[]",0,0,0,0,0,"","","[]","[]","[]","[]",1132457473,"[]","[]","[]","[]","[]","[]","[]","[]",2,"86d9d24124a5ff89aca70b96dd8e55ffaa036b24"
1,"2021-05-23",88,4277699534121884270,4277699534121877506,0,2,"2021-05-23 14:15:10",760,360,1,37075,"fr","","","[]","[]","[]","[]","coruscant-7.7.0","clickin-9.19.0",0,0,"[]","[]","[]","[]","[]","[]","[]","[]","[]","[]","[]","[]","[]","NoData",0,"NoData","NoData","","https://www.parc-attraction-loisirs.fr/walibi-rhone-alpes/","[]","[]","[]","[]","[]","[]","[]","[]","[]","[]","[]","[]",1,"[]","[]",0,0,0,0,0,"","","[]","[]","[]","[]",-73933865,"[]","[]","[]","[]","[]","[]","[]","[]",2,"6d2715447da153318570049cb7706fe0d6b774e2"
1,"2021-05-23",88,4318535704608927749,4318535704608915457,0,1,"2021-05-23 21:08:38",1080,1920,1,25760,"fr","Wilmington","US","[]","[]","[]","[]","coruscant-7.7.0","clickin-9.19.0",0,0,"[]","[]","[]","[]","[]","[]","[]","[]","[]","[]","[]","[]","[]","Apple WebKit",0,"Unknown","Sony","Playstation","https://www.cdiscount.com/search/10/clic+clac.html?TechnicalForm.SiteMapNodeId=0&TechnicalForm.DepartmentId=10&TechnicalForm.ProductId=&hdnPageType=Search&TechnicalForm.ContentTypeId=16&TechnicalForm.SellerId=&TechnicalForm.PageType=SEARCH_AJAX&TechnicalForm.LazyLoading.ProductSheets=False&TechnicalForm.BrandLicenseId=0&TechnicalForm.OriginalHash=%23atcplmoc&NavigationForm.CurrentSelectedNavigationPath=0&NavigationForm.FirstNavigationLinkCount=1&FacetForm.SelectedFacets.Index=0&FacetForm.SelectedFacets.Index=1&FacetForm.SelectedFacets%5B1%5D=Prix%2F%5B10001%2C20000%5D&FacetForm.SelectedFacets.Index=2&FacetForm.SelectedFacets.Index=3&FacetForm.SelectedFacets.Index=4&FacetForm.SelectedFacets.Index=5&FacetForm.SelectedFacets.Index=6&FacetForm.SelectedFacets.Index=7&FacetForm.SelectedFacets.Index=8&FacetForm.SelectedFacets.Index=9&FacetForm.SelectedFacets.Index=10&FacetForm.SelectedFacets.Index=14&FacetForm.SelectedFacets.Index=16&FacetForm.SelectedFacets.Index=11&FacetForm.SelectedFacets.Index=12&FacetForm.SelectedFacets.Index=15&FacetForm.SelectedFacets.Index=13&FacetForm.SelectedFacets.Index=17&SortForm.BrandLicenseSelectedCategoryPath=&SortForm.SelectedNavigationPath=&ProductListTechnicalForm.Keyword=clic%2Bclac&ProductListTechnicalForm.TemplateName=InLine&&_his_","[2,3,4,5,6,7,9,10,12,13,14,15,16,17]","['pg_cat2','pg_cat3','pg_cat4','pg_type','pg_name','usr_logged_fid','gender_age_postcode','segment_score','sf_type_prsnb_amtati','trademark_sku','SVNoChange','hdnPageType','abcookie','env_version']","['Maison','Canapé','Banquettes - Lits - Clic clac','RetourAjout','R-MILACCGEOBL:MILA Banquette clic clac 3 places - Motif Urban bleu - Slyle contemporain - L 190 x P92 cm','Logged:0;FID:0','Gender:;Age:;Postcode:','Segment:26;Score:231','Sf_type:;Sf_prs_nb:;Sf_amt_ati:','Trademark:AUCUNE;SKU:MILACCGEOBL','1399.1|1398.1|1397.1|1395.1|1394.1|1393.1|1391.1|1376.1|1375.1|1372.1|1363.1|1361.1|1357.1|1339.1|1333.1|1329.1|1302.1|1271.1|1269.0|1259.1|1256.1|1255.0|1250.1|1242.0|1229.1|1221.1|1217.1|1211.1|1208.1|1182.0|1164.1|1142.1|1141.1|1118.0|1116.1|1099.1|108','BackOnAddBasket','uid=20062515274448322&fst=1593091664821&pst=null&cst=1593091664821&ns=1&pvt=4&pvis=4&th=564844.702176.1.1.1.0.1593091702430.1593091702430.1_568348.706047.4.4.1.1.1593091665458.1593091788521.1_568899.706707.3.3.1.1.1593091665769.1593091788801.1_568904.7067','.1|2517.1|2518.1|3000.1|3001.1|3002.0|3003.1|3005.1|3010.0|3014.0|3015.0|4003.1|4500.1|4502.1|4503.1']","[2,3,4,5,6,7,9,10,12,13,14,15,16,17]","['pg_cat2','pg_cat3','pg_cat4','pg_type','pg_name','usr_logged_fid','gender_age_postcode','segment_score','sf_type_prsnb_amtati','trademark_sku','SVNoChange','hdnPageType','abcookie','env_version']","['Maison','Canapé','Banquettes - Lits - Clic clac','RetourAjout','R-MILACCGEOBL:MILA Banquette clic clac 3 places - Motif Urban bleu - Slyle contemporain - L 190 x P92 cm','Logged:0;FID:0','Gender:;Age:;Postcode:','Segment:26;Score:231','Sf_type:;Sf_prs_nb:;Sf_amt_ati:','Trademark:AUCUNE;SKU:MILACCGEOBL','1399.1|1398.1|1397.1|1395.1|1394.1|1393.1|1391.1|1376.1|1375.1|1372.1|1363.1|1361.1|1357.1|1339.1|1333.1|1329.1|1302.1|1271.1|1269.0|1259.1|1256.1|1255.0|1250.1|1242.0|1229.1|1221.1|1217.1|1211.1|1208.1|1182.0|1164.1|1142.1|1141.1|1118.0|1116.1|1099.1|108','BackOnAddBasket','uid=20062515274448322&fst=1593091664821&pst=null&cst=1593091664821&ns=1&pvt=4&pvis=4&th=564844.702176.1.1.1.0.1593091702430.1593091702430.1_568348.706047.4.4.1.1.1593091665458.1593091788521.1_568899.706707.3.3.1.1.1593091665769.1593091788801.1_568904.7067','.1|2517.1|2518.1|3000.1|3001.1|3002.0|3003.1|3005.1|3010.0|3014.0|3015.0|4003.1|4500.1|4502.1|4503.1']","[]","[]","[]","[]","[]","[]",0,"[]","[]",0,0,0,0,0,"","","[]","[]","[]","[]",368753132,"[]","[]","[]","[]","[]","[]","[]","[]",1,""
1,"2021-05-23",88,4339214661530932220,4339214661530927105,0,1,"2021-05-23 20:10:11",600,800,1,0,"en","Wilmington","US","[]","[]","[]","[]","coruscant-7.7.0","clickin-9.19.0",0,0,"[]","[]","[]","[]","[]","[]","[]","[]","[]","[]","[]","[]","[]","Robot/Spider",0,"Unknown","Unknown","","","[]","[]","[]","[]","[]","[]","[]","[]","[]","[]","[]","[]",0,"[]","[]",0,0,0,0,0,"","","[]","[]","[]","[]",1880367565,"[]","[]","[]","[]","[]","[]","[]","[]",1,""
1,"2021-05-23",88,4404382822309108169,4404382822309101981,0,413,"2021-05-23 12:36:45",954,1696,8,2236902,"fr","","","[]","[]","[]","[]","coruscant-7.7.0","clickin-9.19.0",0,0,"[]","[]","[]","[]","[]","[]","[]","[]","[]","[]","[]","[]","[]","NoData",0,"NoData","NoData","","https://seller.cdiscount.com/order/management","[]","[]","[]","[]","[]","[]","[]","[]","[]","[]","[]","[]",1,"[]","[]",0,0,0,0,0,"","","[]","[]","[]","[]",1050746133,"[]","[]","[]","[]","[]","[]","[]","[]",2,"99657fac2ee940f5354d6e1c0db140200e3fafe7"
1,"2021-05-23",88,4412608004875167563,4412608004875157511,0,7,"2021-05-23 15:35:38",1024,768,6,310750,"fr","","","[]","[]","[]","[]","coruscant-7.7.0","clickin-9.19.0",0,0,"[]","[]","[]","[]","[]","[]","[]","[]","[]","[]","[]","[3632784861846912849]","[]","NoData",0,"NoData","NoData","","https://www.cdiscount.com/voyages/v-145-0.html","[]","[]","[]","[]","[]","[]","[]","[]","[]","[]","[]","[]",1,"[]","[]",0,0,0,0,0,"","","[]","[]","[]","[]",336910451,"[]","[]","[]","[]","[]","[]","[]","[]",2,"6e80c043a81afdfe6d92b647a3199d9a78647f6e"
1,"2021-05-23",88,4437108071609899073,4437108071609892884,0,20,"2021-05-23 15:02:54",720,1280,5,1550732,"fr","","","[]","[]","[]","[]","coruscant-7.7.0","clickin-9.19.0",0,0,"[]","[]","[]","[]","[]","[]","[]","[]","[]","[]","[]","[]","[]","NoData",0,"NoData","NoData","","https://www.cdiscount.com/service/energie/espace-client/v-1340906-1340906.html","[]","[]","[]","[]","[]","[]","[]","[]","[]","[]","[]","[]",1,"[]","[]",0,0,0,0,0,"","","[]","[]","[]","[]",1526212104,"[]","[]","[]","[]","[]","[]","[]","[]",2,"c3869c3418f771b54de876d781bb1c5370caac34"
1,"2021-05-24",88,4437108071609899073,4437108071609892884,0,20,"2021-05-24 15:02:54",720,1280,5,1550732,"fr","","","[]","[]","[]","[]","coruscant-7.7.0","clickin-9.19.0",0,0,"[]","[]","[]","[]","[]","[]","[]","[]","[]","[]","[]","[]","[]","NoData",0,"NoData","NoData","","https://www.cdiscount.com/service/energie/espace-client/v-1340906-1340906.html","[]","[]","[]","[]","[]","[]","[]","[]","[]","[]","[]","[]",1,"[]","[]",0,0,0,0,0,"","","[]","[]","[]","[]",1526212104,"[]","[]","[]","[]","[]","[]","[]","[]",2,"c3869c3418f771b54de876d781bb1c5370caac34"
